니케 스텟 (SSR등급 한정),,,,,,,,,,,,,,,,,,,,,,,,,,호감도,"요구
포인트",화력형,,,방어형,,,지원형,,,,하모니 큐브,,,,,,,,,,,,분류,"공격력
증가량","방어력
증가량","HP
증가량"
구분,화력형,,,,,,,,방어형,,,,,,,,지원형,,,,,,,,,,,HP,ATK,DEF,HP,ATK,DEF,HP,ATK,DEF,,레벨,공격력,방어력,생명력,우월코드,스킬 레벨,,,니케 추가 슬롯,"소모
크레디트","소모
재료개수",,공용,0,0,450
,HP,ATK,DEF,,,,,,HP,ATK,DEF,,,,,,HP,ATK,DEF,,,,,,,1,150,0,0,0,0,0,0,0,0,0,,,,,,,1슬롯,2슬롯,3슬롯,,,,,클래스,0,5,750
,,,AR,SR,SMG,SG,RL,MG,,,AR,SR,SMG,SG,RL,MG,,,AR,SR,SMG,SG,RL,MG,,2,310,649,29,5,793,19,6,721,24,5,,1,390,78,11800,,1,0,0,1,0,0,,기업,25,5,0
레벨,,,5101,5102,5103,5104,5105,5106,,,5201,5202,5203,5204,5205,5206,,,5301,5302,5303,5304,5305,5306,,3,320,1490,66,10,1822,44,12,1656,55,11,,2,450,90,13600,,1,0,0,2,10000,10,,,,,
1,13500,600,90,76,78,86,88,75,16500,400,110,92,95,106,107,92,15000,500,100,84,86,96,98,84,,4,330,2425,108,16,2963,72,20,2694,90,18,,3,520,103,15600,,2,0,0,2,20000,10,,,,,
2,14175,630,95,79,81,91,92,79,17325,420,116,97,99,111,113,97,15750,525,105,88,90,101,102,88,,5,340,3425,152,23,4186,102,28,3805,127,25,,4,600,119,17900,,2,0,0,3,40000,30,,,,,
3,14850,660,99,83,85,95,97,83,18150,440,121,102,104,116,118,101,16500,550,110,92,95,106,107,92,,6,350,4476,199,30,5470,133,36,4973,166,33,,5,690,136,20600,,2,1,0,3,80000,30,,,,,
4,15525,690,104,87,89,99,101,87,18975,460,127,106,109,121,123,106,17250,575,115,97,99,110,112,96,,7,360,5571,247,37,6809,165,45,6190,206,41,,6,790,157,23700,,2,1,0,4,160000,50,,,,,
5,16200,720,108,91,93,104,105,90,19800,480,132,111,114,127,129,110,18000,600,120,101,103,115,117,100,,8,370,6702,298,45,8192,198,55,7447,248,50,,7,910,180,27300,,3,1,0,4,240000,50,,,,,
6,16875,750,113,94,97,108,110,94,20625,500,138,115,118,132,134,115,18750,625,125,105,108,120,122,105,,9,380,7868,349,52,9616,233,64,8742,291,58,,8,1050,207,31400,12.72,3,1,0,5,320000,70,,,,,
7,17550,780,117,98,101,112,114,98,21450,520,143,120,123,137,140,120,19500,650,130,109,112,125,127,109,,10,390,9062,403,60,11076,269,74,10069,336,67,,9,1200,239,36100,12.72,3,2,0,5,400000,70,,,,,
8,18225,810,122,102,105,117,119,102,22275,540,149,125,128,143,145,124,20250,675,135,113,116,130,132,113,,11,400,10283,457,68,12569,305,84,11426,381,76,,10,1380,274,41500,12.72,3,3,0,6,480000,100,,,,,
9,18900,840,126,106,109,121,123,105,23100,560,154,129,133,148,150,129,21000,700,140,118,121,134,137,117,,12,420,11529,512,77,14091,342,94,12810,427,85,,11,1590,316,47700,14.84,3,4,0,8,480000,100,,,,,
10,19575,870,131,110,112,125,127,109,23925,580,160,134,137,153,156,133,21750,725,145,122,125,139,141,121,,13,430,12798,569,86,15642,379,105,14220,474,95,,12,1830,363,54900,14.84,3,4,0,8,480000,100,,,,,
11,20925,930,140,117,120,134,136,117,25575,620,171,143,147,164,166,143,23250,775,155,130,133,149,151,130,,14,440,14088,626,94,17218,418,114,15653,522,104,,13,2100,417,63100,16.96,3,5,0,10,480000,100,,,,,
12,21600,960,144,121,124,138,140,120,26400,640,176,148,152,169,172,147,24000,800,160,134,138,154,156,134,,15,450,15398,684,103,18820,456,125,17109,570,114,,14,2420,480,72500,16.96,3,5,0,10,480000,100,,,,,
13,22275,990,149,125,128,143,145,124,27225,660,182,152,156,174,177,152,24750,825,165,139,142,158,161,138,,16,470,16727,744,112,20445,496,136,18586,620,124,,15,2780,552,83400,19.09,3,6,0,12,480000,100,,,,,
14,22950,1020,153,128,132,147,149,128,28050,680,187,157,161,180,182,156,25500,850,170,143,146,163,166,142,,17,480,18075,803,121,22091,535,147,20083,669,134,,16,3200,635,95900,,,,,,,,,,,,
15,23625,1050,158,132,136,151,154,132,28875,700,193,162,166,185,188,161,26250,875,175,147,151,168,171,146,,18,500,19438,864,130,23758,576,158,21598,720,144,,17,3680,730,110300,,,,,,,,,,,,
16,24300,1080,162,136,140,156,158,136,29700,720,198,166,171,190,193,166,27000,900,180,151,155,173,176,151,,19,510,20819,925,139,25445,617,169,23132,771,154,,18,4230,890,126900,,,,,,,,,,,,
17,24975,1110,167,140,143,160,162,139,30525,740,204,171,175,195,199,170,27750,925,185,155,159,178,180,155,,20,530,22214,988,149,27150,658,182,24682,823,165,,19,4860,965,145900,,,,,,,,,,,,
18,25650,1140,171,144,147,164,167,143,31350,760,209,176,180,201,204,175,28500,950,190,160,164,182,185,159,,21,540,23624,1050,158,28874,700,193,26249,875,175,,20,5590,1110,167800,,,,,,,,,,,,
19,26325,1170,176,147,151,168,171,147,32175,780,215,180,185,206,209,179,29250,975,195,164,168,187,190,163,,22,560,25049,1114,167,30615,742,205,27832,928,186,,,,,,,,,,,,,,,,,
20,27000,1200,180,151,155,173,176,151,33000,800,220,185,189,211,215,184,30000,1000,200,168,172,192,195,167,,23,580,26487,1177,176,32373,785,216,29430,981,196,,,,,,,,,,,,,,,,,
21,28350,1260,189,159,163,181,184,158,34650,840,231,194,199,222,225,193,31500,1050,210,176,181,202,205,176,,24,590,27938,1242,186,34146,828,228,31042,1035,207,,,,,,,,,,,,,,,,,
22,29025,1290,194,163,167,186,189,162,35475,860,237,199,204,227,231,198,32250,1075,215,181,185,206,210,180,,25,610,29402,1307,196,35936,871,240,32669,1089,218,,,,,,,,,,,,,,,,,
23,29700,1320,198,166,171,190,193,166,36300,880,242,203,208,232,236,202,33000,1100,220,185,189,211,215,184,,26,630,30878,1373,206,37740,915,252,34309,1144,229,,,,,,,,,,,,,,,,,
24,30375,1350,203,170,174,194,198,169,37125,900,248,208,213,238,241,207,33750,1125,225,189,194,216,219,188,,27,650,32366,1439,216,39558,959,264,35962,1199,240,,,,,,,,,,,,,,,,,
25,31050,1380,207,174,178,199,202,173,37950,920,253,212,218,243,247,212,34500,1150,230,193,198,221,224,192,,28,670,33865,1505,226,41391,1003,276,37628,1254,251,,,,,,,,,,,,,,,,,
26,31725,1410,212,178,182,203,206,177,38775,940,259,217,223,248,252,216,35250,1175,235,197,202,226,229,197,,29,690,35376,1572,236,43238,1048,288,39307,1310,262,,,,,,,,,,,,,,,,,
27,32400,1440,216,181,186,207,211,181,39600,960,264,222,227,253,258,221,36000,1200,240,202,207,230,234,201,,30,710,36897,1640,246,45097,1094,300,40997,1367,273,,,,,,,,,,,,,,,,,
28,33075,1470,221,185,190,212,215,184,40425,980,270,226,232,259,263,225,36750,1225,245,206,211,235,239,205,,31,730,38430,1708,257,46970,1138,314,42700,1423,285,,,,,,,,,,,,,,,,,
29,33750,1500,225,189,194,216,219,188,41250,1000,275,231,237,264,268,230,37500,1250,250,210,215,240,244,209,,32,750,39972,1776,266,48854,1184,326,44413,1480,296,,,,,,,,,,,,,,,,,
30,34425,1530,230,193,198,220,224,192,42075,1020,281,236,242,269,274,235,38250,1275,255,214,220,245,249,213,,33,770,41524,1846,277,50752,1230,339,46138,1538,308,,,,,,,,,,,,,,,,,
31,35100,1560,234,197,202,225,228,196,42900,1040,286,240,246,275,279,239,39000,1300,260,218,224,250,254,218,,34,800,43086,1915,287,52660,1277,351,47873,1596,319,,,,,,,,,,,,,,,,,
32,35775,1590,239,200,205,229,233,200,43725,1060,292,245,251,280,284,244,39750,1325,265,223,228,254,259,222,,35,820,44658,1985,298,54582,1323,364,49620,1654,331,,,,,,,,,,,,,,,,,
33,36450,1620,243,204,209,233,237,203,44550,1080,297,249,256,285,290,248,40500,1350,270,227,233,259,263,226,,36,840,46238,2056,309,56514,1370,377,51376,1713,343,,,,,,,,,,,,,,,,,
34,37125,1650,248,208,213,238,241,207,45375,1100,303,254,260,290,295,253,41250,1375,275,231,237,264,268,230,,37,870,47828,2125,319,58456,1417,389,53142,1771,354,,,,,,,,,,,,,,,,,
35,37800,1680,252,212,217,242,246,211,46200,1120,308,259,265,296,300,258,42000,1400,280,235,241,269,273,234,,38,900,49427,2197,329,60411,1465,403,54919,1831,366,,,,,,,,,,,,,,,,,
36,38475,1710,257,215,221,246,250,215,47025,1140,314,263,270,301,306,262,42750,1425,285,239,245,274,278,238,,39,920,51035,2268,340,62376,1512,416,56705,1890,378,,,,,,,,,,,,,,,,,
37,39150,1740,261,219,225,251,255,218,47850,1160,319,268,275,306,311,267,43500,1450,290,244,250,278,283,243,,40,950,52650,2340,351,64350,1560,429,58500,1950,390,,,,,,,,,,,,,,,,,
38,39825,1770,266,223,229,255,259,222,48675,1180,325,273,279,312,317,271,44250,1475,295,248,254,283,288,247,,,,,,,,,,,,,,,,,,,,,,,,,,,,,
39,40500,1800,270,227,233,259,263,226,49500,1200,330,277,284,317,322,276,45000,1500,300,252,258,288,293,251,,레벨,HP,,ATK,,DEF,,스킬1(R등급부터),,,,,,,,,,,,,,스킬2(SR등급),,,,,,
40,41175,1830,275,231,236,264,268,230,50325,1220,336,282,289,322,327,281,45750,1525,305,256,263,293,298,255,,,,,,,,,1스킬,,,,,,,,,,,,2스킬,,,,,,,,
41,43234,1921,288,242,248,276,281,241,52842,1281,352,296,303,338,343,294,48038,1601,320,269,276,307,312,268,,,R,SR,R,SR,R,SR,AR,,SR,,SMG,,SG,,RL,,MG,,,,1,2,,,,,
42,44584,1981,297,249,256,285,290,248,54492,1321,363,305,313,348,354,304,49538,1651,330,277,284,317,322,276,,,,,,,,,코어 대미지,,차지 배율,,평타딜 배율,,평타딜 배율,,차지 배율,,장탄,,DEF,,받댐감,엄폐물 HP,,,,,
43,45934,2041,306,257,264,294,299,256,56142,1361,374,314,322,359,365,313,51038,1701,340,286,293,326,332,284,,,,,,,,,R,SR,R,SR,R,SR,R,SR,R,SR,R,SR,R,SR,,,,,,,
44,47284,2101,315,265,271,302,307,264,57792,1401,385,323,332,370,376,322,52538,1751,350,294,301,336,341,293,,0,19400,94000,638,3029,128,638,0.0567,0.1022,0.0158,0.0474,,0.0473,,0.0473,0.0158,0.0474,0.0156,0.0473,0.25,0.3,0.1,0.12,,,,,
45,48634,2161,324,272,279,311,316,271,59442,1441,396,333,341,380,386,331,54038,1801,360,302,310,346,351,301,,1,,,,,,,0.0567,0.1022,0.0158,0.0474,,0.0473,,0.0473,0.0158,0.0474,0.0156,0.0473,0.25,0.3,0.1,0.12,,,,,
46,49984,2221,333,280,287,320,325,279,61092,1481,407,342,350,391,397,340,55538,1851,370,311,319,355,361,310,,2,,,,,,,0.0567,0.1022,0.0158,0.0474,,0.0473,,0.0473,0.0158,0.0474,0.0156,0.0473,0.25,0.3,0.1,0.12,,,,,
47,51334,2281,342,287,295,328,334,286,62742,1521,418,351,360,401,408,350,57038,1901,380,319,327,365,371,318,,3,,,,,,,0.0567,0.1022,0.0158,0.0474,,0.0473,,0.0473,0.0158,0.0474,0.0156,0.0473,0.25,0.3,0.1,0.12,,,,,
48,52684,2341,351,295,302,337,342,294,64392,1561,429,360,369,412,419,359,58538,1951,390,328,336,374,380,326,,4,,,,,,,0.0567,0.1022,0.0158,0.0474,,0.0473,,0.0473,0.0158,0.0474,0.0156,0.0473,0.25,0.3,0.1,0.12,,,,,
49,54034,2401,360,302,310,346,351,301,66042,1601,440,370,379,422,429,368,60038,2001,400,336,344,384,390,335,,5,,149950,,4821,,1020,0.0794,0.1249,0.0316,0.0631,,0.063,,0.063,0.0316,0.0631,,0.0632,0.28,0.32,0.12,0.18,,,,,
50,55384,2461,369,310,318,354,360,309,67692,1641,451,379,388,433,440,377,61538,2051,410,344,353,394,400,343,,6,,,,,,,0.0794,0.1249,0.0316,0.0631,,0.063,,0.063,0.0316,0.0631,,0.0632,0.28,0.32,0.12,0.18,,,,,
51,56734,2521,378,317,326,363,369,316,69342,1681,462,388,398,444,451,386,63038,2101,420,353,362,403,410,351,,7,64700,,2089,,438,,0.0794,0.1249,0.0316,0.0631,,0.063,,0.063,0.0316,0.0631,,0.0632,0.28,0.32,0.12,0.18,,,,,
52,58084,2581,387,325,333,372,378,324,70992,1721,473,397,407,454,461,396,64538,2151,430,361,370,413,419,360,,8,,,,,,,0.0794,0.1249,0.0316,0.0631,,0.063,,0.063,0.0316,0.0631,,0.0632,0.28,0.32,0.12,0.18,,,,,
53,59434,2641,396,333,341,380,386,331,72642,1761,484,406,417,465,472,405,66038,2201,440,370,379,422,429,368,,9,,,,,,,0.0794,0.1249,0.0316,0.0631,,0.063,,0.063,0.0316,0.0631,,0.0632,0.28,0.32,0.12,0.18,,,,,
54,60784,2701,405,340,349,389,395,339,74292,1801,495,416,426,475,483,414,67538,2251,450,378,388,432,439,376,,10,,,,,,,0.1022,0.1477,0.0474,0.0789,0.0473,0.0788,0.0473,0.0788,0.0474,0.0789,,0.0791,0.3,0.35,0.14,0.24,,,,,
55,62134,2761,414,348,357,397,404,346,75942,1841,506,425,436,486,494,423,69038,2301,460,386,396,442,449,385,,11,,235200,,7554,,1603,0.1022,0.1477,0.0474,0.0789,0.0473,0.0788,0.0473,0.0788,0.0474,0.0789,,0.0791,0.3,0.35,0.14,0.24,,,,,
56,63484,2821,423,355,364,406,413,354,77592,1881,517,434,445,496,504,432,70538,2351,470,395,405,451,458,393,,12,,,,,,,0.1022,0.1477,0.0474,0.0789,0.0473,0.0788,0.0473,0.0788,0.0474,0.0789,,0.0791,0.3,0.35,0.14,0.24,,,,,
57,64834,2881,432,363,372,415,421,361,79242,1921,528,443,455,507,515,442,72038,2401,480,403,413,461,468,402,,13,,,,,,,0.1022,0.1477,0.0474,0.0789,0.0473,0.0788,0.0473,0.0788,0.0474,0.0789,,0.0791,0.3,0.35,0.14,0.24,,,,,
58,66184,2941,441,370,380,423,430,369,80892,1961,539,453,464,517,526,451,73538,2451,490,412,422,470,478,410,,14,,,,,,,0.1022,0.1477,0.0474,0.0789,0.0473,0.0788,0.0473,0.0788,0.0474,0.0789,,0.0791,0.3,0.35,0.14,0.24,,,,,
59,67534,3001,450,378,388,432,439,376,82542,2001,550,462,474,528,537,460,75038,2501,500,420,431,480,488,418,,15,,301800,,9688,,2058,0.1249,0.1704,0.0631,0.0947,0.063,0.0946,0.063,0.0946,0.0631,0.0947,0.0632,0.095,0.32,0.37,0.17,0.3,,,,,
60,68884,3061,459,385,395,441,448,384,84192,2041,561,471,483,539,547,469,76538,2551,510,428,439,490,498,427,,,,,,,,,,,,,,,,,,,,,,,,,,,,,
61,72329,3215,482,405,415,463,471,404,88402,2143,590,495,508,566,575,493,80365,2679,536,450,462,515,523,448,,,,,,,,,,,,,,,,,,,,,,,,,,,,,
62,73679,3275,491,413,423,472,479,411,90052,2183,601,504,517,577,586,502,81865,2729,546,459,470,524,533,457,,,,,,,,,,,,,,,,,,,,,,,,,,,,,
63,75029,3335,500,420,431,480,488,419,91702,2223,612,514,527,587,597,512,83365,2779,556,467,479,534,542,465,,,,,,,,,,,,,,,,,,,,,,,,,,,,,
64,76379,3395,509,428,439,489,497,426,93352,2263,623,523,536,598,607,521,84865,2829,566,475,487,543,552,473,,,,,,,,,,,,,,,,,,,,,,,,,,,,,
65,77729,3455,518,435,446,498,506,434,95002,2303,634,532,546,608,618,530,86365,2879,576,484,496,553,562,482,,,,,,,,,,,,,,,,,,,,,,,,,,,,,
66,79079,3515,527,443,454,506,514,441,96652,2343,645,541,555,619,629,539,87865,2929,586,492,505,563,572,490,,,,,,,,,,,,,,,,,,,,,,,,,,,,,
67,80429,3575,536,450,462,515,523,449,98302,2383,656,551,565,629,640,548,89365,2979,596,501,513,572,581,499,,,,,,,,,,,,,,,,,,,,,,,,,,,,,
68,81779,3635,545,458,470,524,532,456,99952,2423,667,560,574,640,650,558,90865,3029,606,509,522,582,591,507,,,,,,,,,,,,,,,,,,,,,,,,,,,,,
69,83129,3695,554,466,477,532,541,464,101602,2463,678,569,583,651,661,567,92365,3079,616,517,530,591,601,515,,,,,,,,,,,,,,,,,,,,,,,,,,,,,
70,84479,3755,563,473,485,541,550,471,103252,2503,689,578,593,661,672,576,93865,3129,626,526,539,601,611,524,,,,,,,,,,,,,,,,,,,,,,,,,,,,,
71,85829,3815,572,481,493,550,558,479,104902,2543,700,588,602,672,682,585,95365,3179,636,534,548,611,620,532,,,,,,,,,,,,,,,,,,,,,,,,,,,,,
72,87179,3875,581,488,501,558,567,486,106552,2583,711,597,612,682,693,594,96865,3229,646,543,556,620,630,540,,,,,,,,,,,,,,,,,,,,,,,,,,,,,
73,88529,3935,590,496,508,567,576,494,108202,2623,722,606,621,693,704,604,98365,3279,656,551,565,630,640,549,,,,,,,,,,,,,,,,,,,,,,,,,,,,,
74,89879,3995,599,503,516,575,585,501,109852,2663,733,615,631,703,715,613,99865,3329,666,559,574,639,650,557,,,,,,,,,,,,,,,,,,,,,,,,,,,,,
75,91229,4055,608,511,524,584,594,509,111502,2703,744,624,640,714,725,622,101365,3379,676,568,582,649,659,566,,,,,,,,,,,,,,,,,,,,,,,,,,,,,
76,92579,4115,617,518,532,593,602,516,113152,2743,755,634,650,724,736,631,102865,3429,686,576,591,659,669,574,,,,,,,,,,,,,,,,,,,,,,,,,,,,,
77,93929,4175,626,526,539,601,611,524,114802,2783,766,643,659,735,747,640,104365,3479,696,585,599,668,679,582,,,,,,,,,,,,,,,,,,,,,,,,,,,,,
78,95279,4235,635,534,547,610,620,532,116452,2823,777,652,669,746,758,650,105865,3529,706,593,608,678,689,591,,,,,,,,,,,,,,,,,,,,,,,,,,,,,
79,96629,4295,644,541,555,619,629,539,118102,2863,788,661,678,756,768,659,107365,3579,716,601,617,687,698,599,,,,,,,,,,,,,,,,,,,,,,,,,,,,,
80,97979,4355,653,549,563,627,637,547,119752,2903,799,671,688,767,779,668,108865,3629,726,610,625,697,708,607,,,,,,,,,,,,,,,,,,,,,,,,,,,,,
81,102877,4572,686,576,591,658,669,574,125739,3048,838,704,722,805,818,701,114308,3810,762,640,656,732,743,637,,,,,,,,,,,,,,,,,,,,,,,,,,,,,
82,104902,4662,699,587,602,671,682,585,128214,3108,855,718,736,821,834,715,116558,3885,777,653,669,746,758,650,,,,,,,,,,,,,,,,,,,,,,,,,,,,,
83,106927,4752,713,599,614,684,695,596,130689,3168,871,732,750,836,850,729,118808,3960,792,665,682,760,773,663,,,,,,,,,,,,,,,,,,,,,,,,,,,,,
84,108952,4842,726,610,625,697,709,608,133164,3228,888,745,764,852,866,743,121058,4035,807,678,695,775,787,675,,,,,,,,,,,,,,,,,,,,,,,,,,,,,
85,110977,4932,740,621,637,710,722,619,135639,3288,904,759,779,868,882,756,123308,4110,822,690,708,789,802,688,,,,,,,,,,,,,,,,,,,,,,,,,,,,,
86,113002,5022,753,633,649,723,735,630,138114,3348,921,773,793,884,898,770,125558,4185,837,703,721,804,817,700,,,,,,,,,,,,,,,,,,,,,,,,,,,,,
87,115027,5112,767,644,660,736,748,641,140589,3408,937,787,807,900,914,784,127808,4260,852,716,734,818,831,713,,,,,,,,,,,,,,,,,,,,,,,,,,,,,
88,117052,5202,780,655,672,749,761,653,143064,3468,954,801,821,916,930,798,130058,4335,867,728,747,832,846,725,,,,,,,,,,,,,,,,,,,,,,,,,,,,,
89,119077,5292,794,667,684,762,774,664,145539,3528,970,815,835,931,946,812,132308,4410,882,741,760,847,860,738,,,,,,,,,,,,,,,,,,,,,,,,,,,,,
90,121102,5382,807,678,695,775,788,675,148014,3588,987,829,850,947,963,825,134558,4485,897,753,772,861,875,750,,,,,,,,,,,,,,,,,,,,,,,,,,,,,
91,123127,5472,821,689,707,788,801,687,150489,3648,1003,842,864,963,979,839,136808,4560,912,766,785,876,890,763,,,,,,,,,,,,,,,,,,,,,,,,,,,,,
92,125152,5562,834,701,718,801,814,698,152964,3708,1020,856,878,979,995,853,139058,4635,927,778,798,890,904,775,,,,,,,,,,,,,,,,,,,,,,,,,,,,,
93,127177,5652,848,712,730,814,827,709,155439,3768,1036,870,892,995,1011,867,141308,4710,942,791,811,904,919,788,,,,,,,,,,,,,,,,,,,,,,,,,,,,,
94,129202,5742,861,723,742,827,840,721,157914,3828,1053,884,906,1011,1027,881,143558,4785,957,804,824,919,934,801,,,,,,,,,,,,,,,,,,,,,,,,,,,,,
95,131227,5832,875,735,753,840,853,732,160389,3888,1069,898,921,1026,1043,894,145808,4860,972,816,837,933,948,813,,,,,,,,,,,,,,,,,,,,,,,,,,,,,
96,133252,5922,888,746,765,853,867,743,162864,3948,1086,912,935,1042,1059,908,148058,4935,987,829,850,948,963,826,,,,,,,,,,,,,,,,,,,,,,,,,,,,,
97,135277,6012,902,757,777,866,880,754,165339,4008,1102,926,949,1058,1075,922,150308,5010,1002,841,863,962,977,838,,,,,,,,,,,,,,,,,,,,,,,,,,,,,
98,137302,6102,915,769,788,879,893,766,167814,4068,1119,939,963,1074,1091,936,152558,5085,1017,854,876,976,992,851,,,,,,,,,,,,,,,,,,,,,,,,,,,,,
99,139327,6192,929,780,800,892,906,777,170289,4128,1135,953,978,1090,1107,950,154808,5160,1032,867,889,991,1007,863,,,,,,,,,,,,,,,,,,,,,,,,,,,,,
100,141352,6282,942,791,811,905,919,788,172764,4188,1152,967,992,1106,1124,963,157058,5235,1047,879,902,1005,1021,876,,,,,,,,,,,,,,,,,,,,,,,,,,,,,
101,148420,6596,989,831,852,950,965,827,181402,4398,1209,1015,1041,1161,1179,1011,164911,5497,1099,923,946,1055,1072,919,,,,,,,,,,,,,,,,,,,,,,,,,,,,,
102,150445,6686,1003,842,863,963,978,839,183877,4458,1225,1029,1055,1176,1195,1025,167161,5572,1114,936,959,1069,1087,932,,,,,,,,,,,,,,,,,,,,,,,,,,,,,
103,152470,6776,1016,853,875,975,991,850,186352,4518,1242,1043,1069,1192,1212,1039,169411,5647,1129,948,972,1084,1101,944,,,,,,,,,,,,,,,,,,,,,,,,,,,,,
104,154495,6866,1030,865,887,988,1004,861,188827,4578,1258,1057,1084,1208,1228,1053,171661,5722,1144,961,985,1098,1116,957,,,,,,,,,,,,,,,,,,,,,,,,,,,,,
105,156520,6956,1043,876,898,1001,1018,873,191302,4638,1275,1071,1098,1224,1244,1067,173911,5797,1159,973,998,1113,1131,970,,,,,,,,,,,,,,,,,,,,,,,,,,,,,
106,158545,7046,1057,887,910,1014,1031,884,193777,4698,1291,1085,1112,1240,1260,1080,176161,5872,1174,986,1011,1127,1145,982,,,,,,,,,,,,,,,,,,,,,,,,,,,,,
107,160570,7136,1070,899,921,1027,1044,895,196252,4758,1308,1098,1126,1256,1276,1094,178411,5947,1189,999,1024,1141,1160,995,,,,,,,,,,,,,,,,,,,,,,,,,,,,,
108,162595,7226,1084,910,933,1040,1057,906,198727,4818,1324,1112,1140,1271,1292,1108,180661,6022,1204,1011,1037,1156,1175,1007,,,,,,,,,,,,,,,,,,,,,,,,,,,,,
109,164620,7316,1097,921,945,1053,1070,918,201202,4878,1341,1126,1155,1287,1308,1122,182911,6097,1219,1024,1050,1170,1189,1020,,,,,,,,,,,,,,,,,,,,,,,,,,,,,
110,166645,7406,1111,933,956,1066,1083,929,203677,4938,1357,1140,1169,1303,1324,1136,185161,6172,1234,1036,1063,1185,1204,1032,,,,,,,,,,,,,,,,,,,,,,,,,,,,,
111,168670,7496,1124,944,968,1079,1097,940,206152,4998,1374,1154,1183,1319,1340,1149,187411,6247,1249,1049,1076,1199,1218,1045,,,,,,,,,,,,,,,,,,,,,,,,,,,,,
112,170695,7586,1138,955,980,1092,1110,952,208627,5058,1390,1168,1197,1335,1356,1163,189661,6322,1264,1062,1088,1213,1233,1057,,,,,,,,,,,,,,,,,,,,,,,,,,,,,
113,172720,7676,1151,967,991,1105,1123,963,211102,5118,1407,1182,1211,1351,1372,1177,191911,6397,1279,1074,1101,1228,1248,1070,,,,,,,,,,,,,,,,,,,,,,,,,,,,,
114,174745,7766,1165,978,1003,1118,1136,974,213577,5178,1423,1195,1226,1367,1389,1191,194161,6472,1294,1087,1114,1242,1262,1082,,,,,,,,,,,,,,,,,,,,,,,,,,,,,
115,176770,7856,1178,989,1014,1131,1149,986,216052,5238,1440,1209,1240,1382,1405,1205,196411,6547,1309,1099,1127,1257,1277,1095,,,,,,,,,,,,,,,,,,,,,,,,,,,,,
116,178795,7946,1192,1001,1026,1144,1162,997,218527,5298,1456,1223,1254,1398,1421,1218,198661,6622,1324,1112,1140,1271,1292,1108,,,,,,,,,,,,,,,,,,,,,,,,,,,,,
117,180820,8036,1205,1012,1038,1157,1176,1008,221002,5358,1473,1237,1268,1414,1437,1232,200911,6697,1339,1124,1153,1285,1306,1120,,,,,,,,,,,,,,,,,,,,,,,,,,,,,
118,182845,8126,1219,1023,1049,1170,1189,1019,223477,5418,1489,1251,1283,1430,1453,1246,203161,6772,1354,1137,1166,1300,1321,1133,,,,,,,,,,,,,,,,,,,,,,,,,,,,,
119,184870,8216,1232,1035,1061,1183,1202,1031,225952,5478,1506,1265,1297,1446,1469,1260,205411,6847,1369,1150,1179,1314,1335,1145,,,,,,,,,,,,,,,,,,,,,,,,,,,,,
120,186895,8306,1246,1046,1073,1196,1215,1042,228427,5538,1522,1279,1311,1462,1485,1274,207661,6922,1384,1162,1192,1329,1350,1158,,,,,,,,,,,,,,,,,,,,,,,,,,,,,
121,196240,8722,1308,1098,1126,1255,1276,1094,239848,5814,1598,1342,1376,1534,1559,1337,218044,7268,1453,1220,1251,1395,1417,1215,,,,,,,,,,,,,,,,,,,,,,,,,,,,,
122,198940,8842,1326,1113,1142,1273,1293,1109,243148,5894,1620,1361,1395,1556,1581,1355,221044,7368,1473,1237,1268,1414,1437,1232,,,,,,,,,,,,,,,,,,,,,,,,,,,,,
123,201640,8962,1344,1128,1157,1290,1311,1124,246448,5974,1642,1379,1414,1577,1602,1374,224044,7468,1493,1254,1286,1433,1456,1249,,,,,,,,,,,,,,,,,,,,,,,,,,,,,
124,204340,9082,1362,1144,1173,1307,1328,1139,249748,6054,1664,1398,1433,1598,1624,1392,227044,7568,1513,1271,1303,1453,1476,1266,,,,,,,,,,,,,,,,,,,,,,,,,,,,,
125,207040,9202,1380,1159,1188,1325,1346,1154,253048,6134,1686,1416,1452,1619,1645,1411,230044,7668,1533,1287,1320,1472,1495,1282,,,,,,,,,,,,,,,,,,,,,,,,,,,,,
126,209740,9322,1398,1174,1204,1342,1363,1169,256348,6214,1708,1435,1471,1640,1666,1429,233044,7768,1553,1304,1337,1491,1515,1299,,,,,,,,,,,,,,,,,,,,,,,,,,,,,
127,212440,9442,1416,1189,1219,1359,1381,1184,259648,6294,1730,1453,1490,1661,1688,1447,236044,7868,1573,1321,1355,1510,1535,1316,,,,,,,,,,,,,,,,,,,,,,,,,,,,,
128,215140,9562,1434,1204,1235,1376,1399,1199,262948,6374,1752,1472,1509,1682,1709,1466,239044,7968,1593,1338,1372,1529,1554,1333,,,,,,,,,,,,,,,,,,,,,,,,,,,,,
129,217840,9682,1452,1219,1250,1394,1416,1214,266248,6454,1774,1490,1528,1703,1731,1484,242044,8068,1613,1355,1389,1549,1574,1349,,,,,,,,,,,,,,,,,,,,,,,,,,,,,
130,220540,9802,1470,1234,1266,1411,1434,1229,269548,6534,1796,1509,1547,1725,1752,1503,245044,8168,1633,1371,1406,1568,1593,1366,,,,,,,,,,,,,,,,,,,,,,,,,,,,,
131,223240,9922,1488,1249,1281,1428,1451,1245,272848,6614,1818,1527,1566,1746,1774,1521,248044,8268,1653,1388,1423,1587,1613,1383,,,,,,,,,,,,,,,,,,,,,,,,,,,,,
132,225940,10042,1506,1264,1297,1446,1469,1260,276148,6694,1840,1545,1585,1767,1795,1539,251044,8368,1673,1405,1441,1606,1632,1400,,,,,,,,,,,,,,,,,,,,,,,,,,,,,
133,228640,10162,1524,1280,1312,1463,1486,1275,279448,6774,1862,1564,1604,1788,1817,1558,254044,8468,1693,1422,1458,1625,1652,1416,,,,,,,,,,,,,,,,,,,,,,,,,,,,,
134,231340,10282,1542,1295,1328,1480,1504,1290,282748,6854,1884,1582,1623,1809,1838,1576,257044,8568,1713,1439,1475,1645,1671,1433,,,,,,,,,,,,,,,,,,,,,,,,,,,,,
135,234040,10402,1560,1310,1343,1497,1522,1305,286048,6934,1906,1601,1642,1830,1860,1595,260044,8668,1733,1455,1492,1664,1691,1450,,,,,,,,,,,,,,,,,,,,,,,,,,,,,
136,236740,10522,1578,1325,1359,1515,1539,1320,289348,7014,1928,1619,1660,1851,1881,1613,263044,8768,1753,1472,1510,1683,1710,1466,,,,,,,,,,,,,,,,,,,,,,,,,,,,,
137,239440,10642,1596,1340,1374,1532,1557,1335,292648,7094,1950,1638,1679,1872,1903,1632,266044,8868,1773,1489,1527,1702,1730,1483,,,,,,,,,,,,,,,,,,,,,,,,,,,,,
138,242140,10762,1614,1355,1390,1549,1574,1350,295948,7174,1972,1656,1698,1893,1924,1650,269044,8968,1793,1506,1544,1721,1749,1500,,,,,,,,,,,,,,,,,,,,,,,,,,,,,
139,244840,10882,1632,1370,1405,1566,1592,1365,299248,7254,1994,1675,1717,1915,1945,1668,272044,9068,1813,1523,1561,1741,1769,1517,,,,,,,,,,,,,,,,,,,,,,,,,,,,,
140,247540,11002,1650,1385,1421,1584,1609,1380,302548,7334,2016,1693,1736,1936,1967,1687,275044,9168,1833,1539,1578,1760,1788,1533,,,,,,,,,,,,,,,,,,,,,,,,,,,,,
141,259916,11551,1733,1455,1492,1663,1690,1449,317676,7701,2118,1778,1823,2033,2066,1771,288796,9626,1925,1617,1658,1848,1878,1610,,,,,,,,,,,,,,,,,,,,,,,,,,,,,
142,262616,11671,1751,1470,1507,1681,1708,1464,320976,7781,2140,1797,1842,2054,2087,1790,291796,9726,1945,1633,1675,1867,1897,1627,,,,,,,,,,,,,,,,,,,,,,,,,,,,,
143,265316,11791,1769,1485,1523,1698,1725,1479,324276,7861,2162,1815,1861,2075,2109,1808,294796,9826,1965,1650,1692,1886,1917,1644,,,,,,,,,,,,,,,,,,,,,,,,,,,,,
144,268016,11911,1787,1500,1538,1715,1743,1494,327576,7941,2184,1834,1880,2096,2130,1827,297796,9926,1985,1667,1709,1906,1936,1661,,,,,,,,,,,,,,,,,,,,,,,,,,,,,
145,270716,12031,1805,1515,1554,1732,1760,1510,330876,8021,2206,1852,1899,2117,2152,1845,300796,10026,2005,1684,1727,1925,1956,1677,,,,,,,,,,,,,,,,,,,,,,,,,,,,,
146,273416,12151,1823,1531,1569,1750,1778,1525,334176,8101,2228,1871,1918,2138,2173,1863,303796,10126,2025,1701,1744,1944,1975,1694,,,,,,,,,,,,,,,,,,,,,,,,,,,,,
147,276116,12271,1841,1546,1585,1767,1795,1540,337476,8181,2250,1889,1937,2160,2194,1882,306796,10226,2045,1717,1761,1963,1995,1711,,,,,,,,,,,,,,,,,,,,,,,,,,,,,
148,278816,12391,1859,1561,1600,1784,1813,1555,340776,8261,2272,1908,1956,2181,2216,1900,309796,10326,2065,1734,1778,1982,2014,1727,,,,,,,,,,,,,,,,,,,,,,,,,,,,,
149,281516,12511,1877,1576,1616,1802,1831,1570,344076,8341,2294,1926,1975,2202,2237,1919,312796,10426,2085,1751,1795,2002,2034,1744,,,,,,,,,,,,,,,,,,,,,,,,,,,,,
150,284216,12631,1895,1591,1631,1819,1848,1585,347376,8421,2316,1945,1994,2223,2259,1937,315796,10526,2105,1768,1813,2021,2053,1761,,,,,,,,,,,,,,,,,,,,,,,,,,,,,
151,286916,12751,1913,1606,1647,1836,1866,1600,350676,8501,2338,1963,2013,2244,2280,1955,318796,10626,2125,1785,1830,2040,2073,1778,,,,,,,,,,,,,,,,,,,,,,,,,,,,,
152,289616,12871,1931,1621,1662,1853,1883,1615,353976,8581,2360,1982,2032,2265,2302,1974,321796,10726,2145,1801,1847,2059,2093,1794,,,,,,,,,,,,,,,,,,,,,,,,,,,,,
153,292316,12991,1949,1636,1678,1871,1901,1630,357276,8661,2382,2000,2051,2286,2323,1992,324796,10826,2165,1818,1864,2078,2112,1811,,,,,,,,,,,,,,,,,,,,,,,,,,,,,
154,295016,13111,1967,1651,1693,1888,1918,1645,360576,8741,2404,2018,2070,2307,2345,2011,327796,10926,2185,1835,1882,2098,2132,1828,,,,,,,,,,,,,,,,,,,,,,,,,,,,,
155,297716,13231,1985,1667,1709,1905,1936,1660,363876,8821,2426,2037,2089,2329,2366,2029,330796,11026,2205,1852,1899,2117,2151,1845,,,,,,,,,,,,,,,,,,,,,,,,,,,,,
156,300416,13351,2003,1682,1724,1922,1953,1675,367176,8901,2448,2055,2108,2350,2388,2047,333796,11126,2225,1869,1916,2136,2171,1861,,,,,,,,,,,,,,,,,,,,,,,,,,,,,
157,303116,13471,2021,1697,1740,1940,1971,1690,370476,8981,2470,2074,2127,2371,2409,2066,336796,11226,2245,1885,1933,2155,2190,1878,,,,,,,,,,,,,,,,,,,,,,,,,,,,,
158,305816,13591,2039,1712,1755,1957,1989,1705,373776,9061,2492,2092,2145,2392,2431,2084,339796,11326,2265,1902,1950,2174,2210,1895,,,,,,,,,,,,,,,,,,,,,,,,,,,,,
159,308516,13711,2057,1727,1771,1974,2006,1720,377076,9141,2514,2111,2164,2413,2452,2103,342796,11426,2285,1919,1968,2194,2229,1911,,,,,,,,,,,,,,,,,,,,,,,,,,,,,
160,311216,13831,2075,1742,1786,1992,2024,1735,380376,9221,2536,2129,2183,2434,2473,2121,345796,11526,2305,1936,1985,2213,2249,1928,,,,,,,,,,,,,,,,,,,,,,,,,,,,,
161,326777,14522,2178,1829,1876,2091,2125,1822,399395,9682,2662,2236,2292,2556,2597,2227,363086,12102,2420,2032,2084,2323,2361,2024,,,,,,,,,,,,,,,,,,,,,,,,,,,,,
162,330152,14672,2201,1848,1895,2113,2147,1841,403520,9782,2690,2259,2316,2582,2624,2250,366836,12227,2445,2053,2105,2347,2385,2045,,,,,,,,,,,,,,,,,,,,,,,,,,,,,
163,333527,14822,2223,1867,1914,2134,2169,1860,407645,9882,2717,2282,2340,2608,2651,2273,370586,12352,2470,2074,2127,2371,2410,2066,,,,,,,,,,,,,,,,,,,,,,,,,,,,,
164,336902,14972,2246,1886,1934,2156,2191,1878,411770,9982,2745,2305,2363,2635,2677,2296,374336,12477,2495,2095,2148,2395,2434,2087,,,,,,,,,,,,,,,,,,,,,,,,,,,,,
165,340277,15122,2268,1905,1953,2177,2212,1897,415895,10082,2772,2328,2387,2661,2704,2319,378086,12602,2520,2116,2170,2419,2458,2108,,,,,,,,,,,,,,,,,,,,,,,,,,,,,
166,343652,15272,2291,1924,1972,2199,2234,1916,420020,10182,2800,2351,2411,2688,2731,2342,381836,12727,2545,2137,2192,2443,2483,2129,,,,,,,,,,,,,,,,,,,,,,,,,,,,,
167,347027,15422,2313,1942,1992,2221,2256,1935,424145,10282,2827,2374,2434,2714,2758,2365,385586,12852,2570,2158,2213,2467,2507,2150,,,,,,,,,,,,,,,,,,,,,,,,,,,,,
168,350402,15572,2336,1961,2011,2242,2278,1954,428270,10382,2855,2397,2458,2740,2785,2388,389336,12977,2595,2179,2235,2491,2531,2171,,,,,,,,,,,,,,,,,,,,,,,,,,,,,
169,353777,15722,2358,1980,2031,2264,2300,1973,432395,10482,2882,2420,2482,2767,2811,2411,393086,13102,2620,2200,2256,2515,2556,2192,,,,,,,,,,,,,,,,,,,,,,,,,,,,,
170,357152,15872,2381,1999,2050,2285,2322,1991,436520,10582,2910,2443,2505,2793,2838,2434,396836,13227,2645,2221,2278,2539,2580,2213,,,,,,,,,,,,,,,,,,,,,,,,,,,,,
171,360527,16022,2403,2018,2069,2307,2344,2010,440645,10682,2937,2466,2529,2820,2865,2457,400586,13352,2670,2242,2299,2563,2605,2234,,,,,,,,,,,,,,,,,,,,,,,,,,,,,
172,363902,16172,2426,2037,2089,2329,2366,2029,444770,10782,2965,2490,2553,2846,2892,2480,404336,13477,2695,2263,2321,2587,2629,2254,,,,,,,,,,,,,,,,,,,,,,,,,,,,,
173,367277,16322,2448,2056,2108,2350,2388,2048,448895,10882,2992,2513,2576,2872,2919,2503,408086,13602,2720,2284,2342,2611,2653,2275,,,,,,,,,,,,,,,,,,,,,,,,,,,,,
174,370652,16472,2471,2075,2127,2372,2410,2067,453020,10982,3020,2536,2600,2899,2946,2526,411836,13727,2745,2305,2364,2635,2678,2296,,,,,,,,,,,,,,,,,,,,,,,,,,,,,
175,374027,16622,2493,2094,2147,2393,2432,2085,457145,11082,3047,2559,2624,2925,2972,2549,415586,13852,2770,2326,2385,2659,2702,2317,,,,,,,,,,,,,,,,,,,,,,,,,,,,,
176,377402,16772,2516,2113,2166,2415,2454,2104,461270,11182,3075,2582,2647,2952,2999,2572,419336,13977,2795,2347,2407,2683,2727,2338,,,,,,,,,,,,,,,,,,,,,,,,,,,,,
177,380777,16922,2538,2131,2186,2437,2476,2123,465395,11282,3102,2605,2671,2978,3026,2595,423086,14102,2820,2368,2428,2707,2751,2359,,,,,,,,,,,,,,,,,,,,,,,,,,,,,
178,384152,17072,2561,2150,2205,2458,2498,2142,469520,11382,3130,2628,2695,3004,3053,2618,426836,14227,2845,2389,2450,2731,2775,2380,,,,,,,,,,,,,,,,,,,,,,,,,,,,,
179,387527,17222,2583,2169,2224,2480,2520,2161,473645,11482,3157,2651,2719,3031,3080,2641,430586,14352,2870,2410,2471,2755,2800,2401,,,,,,,,,,,,,,,,,,,,,,,,,,,,,
180,390902,17372,2606,2188,2244,2501,2542,2180,477770,11582,3185,2674,2742,3057,3107,2664,434336,14477,2895,2431,2493,2779,2824,2422,,,,,,,,,,,,,,,,,,,,,,,,,,,,,
181,410448,18241,2736,2298,2356,2627,2669,2289,501658,12161,3344,2808,2880,3210,3262,2797,456053,15201,3040,2553,2618,2919,2966,2543,,,,,,,,,,,,,,,,,,,,,,,,,,,,,
182,413823,18391,2759,2317,2375,2648,2691,2308,505783,12261,3372,2831,2903,3237,3289,2820,459803,15326,3065,2574,2639,2943,2990,2564,,,,,,,,,,,,,,,,,,,,,,,,,,,,,
183,417198,18541,2781,2335,2395,2670,2713,2326,509908,12361,3399,2854,2927,3263,3316,2843,463553,15451,3090,2595,2661,2967,3014,2585,,,,,,,,,,,,,,,,,,,,,,,,,,,,,
184,420573,18691,2804,2354,2414,2691,2735,2345,514033,12461,3427,2878,2951,3290,3343,2866,467303,15576,3115,2616,2682,2991,3039,2606,,,,,,,,,,,,,,,,,,,,,,,,,,,,,
185,423948,18841,2826,2373,2434,2713,2757,2364,518158,12561,3454,2901,2974,3316,3369,2889,471053,15701,3140,2637,2704,3015,3063,2627,,,,,,,,,,,,,,,,,,,,,,,,,,,,,
186,427323,18991,2849,2392,2453,2735,2779,2383,522283,12661,3482,2924,2998,3342,3396,2912,474803,15826,3165,2658,2725,3039,3088,2648,,,,,,,,,,,,,,,,,,,,,,,,,,,,,
187,430698,19141,2871,2411,2472,2756,2801,2402,526408,12761,3509,2947,3022,3369,3423,2935,478553,15951,3190,2679,2747,3063,3112,2669,,,,,,,,,,,,,,,,,,,,,,,,,,,,,
188,434073,19291,2894,2430,2492,2778,2823,2421,530533,12861,3537,2970,3045,3395,3450,2958,482303,16076,3215,2700,2768,3087,3136,2689,,,,,,,,,,,,,,,,,,,,,,,,,,,,,
189,437448,19441,2916,2449,2511,2799,2845,2439,534658,12961,3564,2993,3069,3422,3477,2981,486053,16201,3240,2721,2790,3111,3161,2710,,,,,,,,,,,,,,,,,,,,,,,,,,,,,
190,440823,19591,2939,2468,2530,2821,2867,2458,538783,13061,3592,3016,3093,3448,3504,3004,489803,16326,3265,2742,2812,3135,3185,2731,,,,,,,,,,,,,,,,,,,,,,,,,,,,,
191,444198,19741,2961,2487,2550,2843,2889,2477,542908,13161,3619,3039,3116,3474,3530,3027,493553,16451,3290,2763,2833,3159,3209,2752,,,,,,,,,,,,,,,,,,,,,,,,,,,,,
192,447573,19891,2984,2506,2569,2864,2910,2496,547033,13261,3647,3062,3140,3501,3557,3050,497303,16576,3315,2784,2855,3183,3234,2773,,,,,,,,,,,,,,,,,,,,,,,,,,,,,
193,450948,20041,3006,2524,2589,2886,2932,2515,551158,13361,3674,3085,3164,3527,3584,3073,501053,16701,3340,2805,2876,3207,3258,2794,,,,,,,,,,,,,,,,,,,,,,,,,,,,,
194,454323,20191,3029,2543,2608,2907,2954,2533,555283,13461,3702,3109,3187,3554,3611,3096,504803,16826,3365,2826,2898,3231,3283,2815,,,,,,,,,,,,,,,,,,,,,,,,,,,,,
195,457698,20341,3051,2562,2627,2929,2976,2552,559408,13561,3729,3132,3211,3580,3638,3119,508553,16951,3390,2847,2919,3255,3307,2836,,,,,,,,,,,,,,,,,,,,,,,,,,,,,
196,461073,20491,3074,2581,2647,2951,2998,2571,563533,13661,3757,3155,3235,3606,3665,3142,512303,17076,3415,2868,2941,3279,3331,2857,,,,,,,,,,,,,,,,,,,,,,,,,,,,,
197,464448,20641,3096,2600,2666,2972,3020,2590,567658,13761,3784,3178,3258,3633,3691,3165,516053,17201,3440,2889,2962,3303,3356,2878,,,,,,,,,,,,,,,,,,,,,,,,,,,,,
198,467823,20791,3119,2619,2685,2994,3042,2609,571783,13861,3812,3201,3282,3659,3718,3188,519803,17326,3465,2910,2984,3327,3380,2899,,,,,,,,,,,,,,,,,,,,,,,,,,,,,
199,471198,20941,3141,2638,2705,3015,3064,2628,575908,13961,3839,3224,3306,3686,3745,3211,523553,17451,3490,2931,3005,3351,3405,2920,,,,,,,,,,,,,,,,,,,,,,,,,,,,,
200,474573,21091,3164,2657,2724,3037,3086,2646,580033,14061,3867,3247,3329,3712,3772,3234,527303,17576,3515,2952,3027,3375,3429,2940,,,,,,,,,,,,,,,,,,,,,,,,,,,,,
201,498301,22146,3322,2790,2861,3189,3241,2779,609035,14764,4060,3410,3496,3898,3961,3396,553668,18455,3691,3100,3178,3544,3601,3088,,,,,,,,,,,,,,,,,,,,,,,,,,,,,
202,502351,22326,3349,2812,2884,3215,3267,2801,613985,14884,4093,3437,3525,3930,3993,3424,558168,18605,3721,3125,3204,3572,3630,3113,,,,,,,,,,,,,,,,,,,,,,,,,,,,,
203,506401,22506,3376,2835,2907,3241,3293,2824,618935,15004,4126,3465,3553,3961,4025,3452,562668,18755,3751,3150,3230,3601,3659,3138,,,,,,,,,,,,,,,,,,,,,,,,,,,,,
204,510451,22686,3403,2858,2930,3267,3320,2847,623885,15124,4159,3493,3581,3993,4057,3479,567168,18905,3781,3175,3256,3630,3688,3163,,,,,,,,,,,,,,,,,,,,,,,,,,,,,
205,514501,22866,3430,2880,2954,3293,3346,2869,628835,15244,4192,3521,3610,4025,4089,3507,571668,19055,3811,3200,3282,3659,3718,3188,,,,,,,,,,,,,,,,,,,,,,,,,,,,,
206,518551,23046,3457,2903,2977,3319,3372,2892,633785,15364,4225,3548,3638,4056,4122,3534,576168,19205,3841,3226,3308,3688,3747,3213,,,,,,,,,,,,,,,,,,,,,,,,,,,,,
207,522601,23226,3484,2926,3000,3345,3399,2914,638735,15484,4258,3576,3667,4088,4154,3562,580668,19355,3871,3251,3333,3716,3776,3238,,,,,,,,,,,,,,,,,,,,,,,,,,,,,
208,526651,23406,3511,2948,3023,3371,3425,2937,643685,15604,4291,3604,3695,4120,4186,3590,585168,19505,3901,3276,3359,3745,3806,3263,,,,,,,,,,,,,,,,,,,,,,,,,,,,,
209,530701,23586,3538,2971,3047,3397,3451,2960,648635,15724,4324,3631,3724,4151,4218,3617,589668,19655,3931,3301,3385,3774,3835,3288,,,,,,,,,,,,,,,,,,,,,,,,,,,,,
210,534751,23766,3565,2994,3070,3422,3478,2982,653585,15844,4357,3659,3752,4183,4250,3645,594168,19805,3961,3326,3411,3803,3864,3314,,,,,,,,,,,,,,,,,,,,,,,,,,,,,
211,538801,23946,3592,3016,3093,3448,3504,3005,658535,15964,4390,3687,3780,4215,4283,3672,598668,19955,3991,3352,3437,3832,3893,3339,,,,,,,,,,,,,,,,,,,,,,,,,,,,,
212,542851,24126,3619,3039,3116,3474,3530,3027,663485,16084,4423,3715,3809,4246,4315,3700,603168,20105,4021,3377,3463,3860,3923,3364,,,,,,,,,,,,,,,,,,,,,,,,,,,,,
213,546901,24306,3646,3062,3140,3500,3557,3050,668435,16204,4456,3742,3837,4278,4347,3728,607668,20255,4051,3402,3488,3889,3952,3389,,,,,,,,,,,,,,,,,,,,,,,,,,,,,
214,550951,24486,3673,3084,3163,3526,3583,3073,673385,16324,4489,3770,3866,4310,4379,3755,612168,20405,4081,3427,3514,3918,3981,3414,,,,,,,,,,,,,,,,,,,,,,,,,,,,,
215,555001,24666,3700,3107,3186,3552,3609,3095,678335,16444,4522,3798,3894,4341,4411,3783,616668,20555,4111,3452,3540,3947,4010,3439,,,,,,,,,,,,,,,,,,,,,,,,,,,,,
216,559051,24846,3727,3130,3209,3578,3636,3118,683285,16564,4555,3825,3922,4373,4444,3811,621168,20705,4141,3478,3566,3976,4040,3464,,,,,,,,,,,,,,,,,,,,,,,,,,,,,
217,563101,25026,3754,3153,3233,3604,3662,3140,688235,16684,4588,3853,3951,4405,4476,3838,625668,20855,4171,3503,3592,4004,4069,3489,,,,,,,,,,,,,,,,,,,,,,,,,,,,,
218,567151,25206,3781,3175,3256,3630,3688,3163,693185,16804,4621,3881,3979,4436,4508,3866,630168,21005,4201,3528,3618,4033,4098,3514,,,,,,,,,,,,,,,,,,,,,,,,,,,,,
219,571201,25386,3808,3198,3279,3656,3715,3185,698135,16924,4654,3909,4008,4468,4540,3893,634668,21155,4231,3553,3643,4062,4127,3539,,,,,,,,,,,,,,,,,,,,,,,,,,,,,
220,575251,25566,3835,3221,3302,3682,3741,3208,703085,17044,4687,3936,4036,4500,4572,3921,639168,21305,4261,3578,3669,4091,4157,3565,,,,,,,,,,,,,,,,,,,,,,,,,,,,,
221,604013,26844,4027,3382,3467,3866,3928,3368,738239,17896,4921,4133,4238,4725,4801,4117,671126,22370,4474,3757,3853,4295,4364,3743,,,,,,,,,,,,,,,,,,,,,,,,,,,,,
222,608063,27024,4054,3404,3491,3892,3954,3391,743189,18016,4954,4161,4266,4756,4833,4145,675626,22520,4504,3782,3878,4324,4394,3768,,,,,,,,,,,,,,,,,,,,,,,,,,,,,
223,612113,27204,4081,3427,3514,3918,3981,3414,748139,18136,4987,4188,4295,4788,4865,4172,680126,22670,4534,3808,3904,4353,4423,3793,,,,,,,,,,,,,,,,,,,,,,,,,,,,,
224,616163,27384,4108,3450,3537,3943,4007,3436,753089,18256,5020,4216,4323,4820,4898,4200,684626,22820,4564,3833,3930,4382,4452,3818,,,,,,,,,,,,,,,,,,,,,,,,,,,,,
225,620213,27564,4135,3472,3560,3969,4033,3459,758039,18376,5053,4244,4352,4851,4930,4227,689126,22970,4594,3858,3956,4410,4482,3843,,,,,,,,,,,,,,,,,,,,,,,,,,,,,
226,624263,27744,4162,3495,3584,3995,4060,3481,762989,18496,5086,4272,4380,4883,4962,4255,693626,23120,4624,3883,3982,4439,4511,3868,,,,,,,,,,,,,,,,,,,,,,,,,,,,,
227,628313,27924,4189,3518,3607,4021,4086,3504,767939,18616,5119,4299,4408,4915,4994,4283,698126,23270,4654,3908,4008,4468,4540,3893,,,,,,,,,,,,,,,,,,,,,,,,,,,,,
228,632363,28104,4216,3540,3630,4047,4112,3527,772889,18736,5152,4327,4437,4947,5026,4310,702626,23420,4684,3934,4033,4497,4569,3918,,,,,,,,,,,,,,,,,,,,,,,,,,,,,
229,636413,28284,4243,3563,3653,4073,4139,3549,777839,18856,5185,4355,4465,4978,5058,4338,707126,23570,4714,3959,4059,4526,4599,3943,,,,,,,,,,,,,,,,,,,,,,,,,,,,,
230,640463,28464,4270,3586,3677,4099,4165,3572,782789,18976,5218,4382,4494,5010,5091,4365,711626,23720,4744,3984,4085,4554,4628,3969,,,,,,,,,,,,,,,,,,,,,,,,,,,,,
231,644513,28644,4297,3608,3700,4125,4191,3594,787739,19096,5251,4410,4522,5042,5123,4393,716126,23870,4774,4009,4111,4583,4657,3994,,,,,,,,,,,,,,,,,,,,,,,,,,,,,
232,648563,28824,4324,3631,3723,4151,4218,3617,792689,19216,5284,4438,4550,5073,5155,4421,720626,24020,4804,4034,4137,4612,4686,4019,,,,,,,,,,,,,,,,,,,,,,,,,,,,,
233,652613,29004,4351,3654,3746,4177,4244,3639,797639,19336,5317,4466,4579,5105,5187,4448,725126,24170,4834,4060,4163,4641,4716,4044,,,,,,,,,,,,,,,,,,,,,,,,,,,,,
234,656663,29184,4378,3676,3770,4203,4270,3662,802589,19456,5350,4493,4607,5137,5219,4476,729626,24320,4864,4085,4188,4670,4745,4069,,,,,,,,,,,,,,,,,,,,,,,,,,,,,
235,660713,29364,4405,3699,3793,4229,4297,3685,807539,19576,5383,4521,4636,5168,5252,4503,734126,24470,4894,4110,4214,4698,4774,4094,,,,,,,,,,,,,,,,,,,,,,,,,,,,,
236,664763,29544,4432,3722,3816,4255,4323,3707,812489,19696,5416,4549,4664,5200,5284,4531,738626,24620,4924,4135,4240,4727,4803,4119,,,,,,,,,,,,,,,,,,,,,,,,,,,,,
237,668813,29724,4459,3744,3839,4280,4349,3730,817439,19816,5449,4576,4693,5232,5316,4559,743126,24770,4954,4160,4266,4756,4833,4144,,,,,,,,,,,,,,,,,,,,,,,,,,,,,
238,672863,29904,4486,3767,3863,4306,4376,3752,822389,19936,5482,4604,4721,5263,5348,4586,747626,24920,4984,4186,4292,4785,4862,4169,,,,,,,,,,,,,,,,,,,,,,,,,,,,,
239,676913,30084,4513,3790,3886,4332,4402,3775,827339,20056,5515,4632,4749,5295,5380,4614,752126,25070,5014,4211,4318,4814,4891,4194,,,,,,,,,,,,,,,,,,,,,,,,,,,,,
240,680963,30264,4540,3812,3909,4358,4428,3798,832289,20176,5548,4660,4778,5327,5413,4641,756626,25220,5044,4236,4343,4842,4921,4220,,,,,,,,,,,,,,,,,,,,,,,,,,,,,
241,715011,31777,4766,4003,4104,4576,4650,3987,873903,21185,5826,4892,5016,5593,5683,4873,794457,26481,5296,4448,4560,5084,5166,4430,,,,,,,,,,,,,,,,,,,,,,,,,,,,,
242,719736,31987,4798,4029,4132,4606,4680,4014,879678,21325,5864,4925,5050,5630,5721,4906,799707,26656,5331,4477,4591,5118,5201,4460,,,,,,,,,,,,,,,,,,,,,,,,,,,,,
243,724461,32197,4829,4056,4159,4636,4711,4040,885453,21465,5903,4957,5083,5667,5758,4938,804957,26831,5366,4506,4621,5152,5235,4489,,,,,,,,,,,,,,,,,,,,,,,,,,,,,
244,729186,32407,4861,4082,4186,4667,4742,4066,891228,21605,5941,4989,5116,5704,5796,4970,810207,27006,5401,4536,4651,5185,5269,4518,,,,,,,,,,,,,,,,,,,,,,,,,,,,,
245,733911,32617,4892,4109,4213,4697,4773,4093,897003,21745,5980,5022,5149,5741,5833,5002,815457,27181,5436,4565,4681,5219,5303,4547,,,,,,,,,,,,,,,,,,,,,,,,,,,,,
246,738636,32827,4924,4135,4240,4727,4803,4119,902778,21885,6018,5054,5182,5778,5871,5034,820707,27356,5471,4595,4711,5252,5337,4577,,,,,,,,,,,,,,,,,,,,,,,,,,,,,
247,743361,33037,4955,4162,4267,4757,4834,4145,908553,22025,6057,5086,5215,5815,5908,5067,825957,27531,5506,4624,4741,5286,5371,4606,,,,,,,,,,,,,,,,,,,,,,,,,,,,,
248,748086,33247,4987,4188,4294,4788,4865,4172,914328,22165,6095,5119,5249,5852,5946,5099,831207,27706,5541,4653,4771,5320,5405,4635,,,,,,,,,,,,,,,,,,,,,,,,,,,,,
249,752811,33457,5018,4214,4321,4818,4896,4198,920103,22305,6134,5151,5282,5889,5983,5131,836457,27881,5576,4683,4802,5353,5440,4665,,,,,,,,,,,,,,,,,,,,,,,,,,,,,
250,757536,33667,5050,4241,4349,4848,4926,4224,925878,22445,6172,5183,5315,5925,6021,5163,841707,28056,5611,4712,4832,5387,5474,4694,,,,,,,,,,,,,,,,,,,,,,,,,,,,,
251,762261,33877,5081,4267,4376,4878,4957,4251,931653,22585,6211,5216,5348,5962,6059,5195,846957,28231,5646,4742,4862,5420,5508,4723,,,,,,,,,,,,,,,,,,,,,,,,,,,,,
252,766986,34087,5113,4294,4403,4909,4988,4277,937428,22725,6249,5248,5381,5999,6096,5228,852207,28406,5681,4771,4892,5454,5542,4752,,,,,,,,,,,,,,,,,,,,,,,,,,,,,
253,771711,34297,5144,4320,4430,4939,5018,4304,943203,22865,6288,5280,5414,6036,6134,5260,857457,28581,5716,4800,4922,5488,5576,4782,,,,,,,,,,,,,,,,,,,,,,,,,,,,,
254,776436,34507,5176,4347,4457,4969,5049,4330,948978,23005,6326,5313,5447,6073,6171,5292,862707,28756,5751,4830,4952,5521,5610,4811,,,,,,,,,,,,,,,,,,,,,,,,,,,,,
255,781161,34717,5207,4373,4484,4999,5080,4356,954753,23145,6365,5345,5481,6110,6209,5324,867957,28931,5786,4859,4982,5555,5644,4840,,,,,,,,,,,,,,,,,,,,,,,,,,,,,
256,785886,34927,5239,4400,4511,5030,5111,4383,960528,23285,6403,5377,5514,6147,6246,5356,873207,29106,5821,4888,5013,5588,5679,4870,,,,,,,,,,,,,,,,,,,,,,,,,,,,,
257,790611,35137,5270,4426,4538,5060,5141,4409,966303,23425,6442,5410,5547,6184,6284,5389,878457,29281,5856,4918,5043,5622,5713,4899,,,,,,,,,,,,,,,,,,,,,,,,,,,,,
258,795336,35347,5302,4453,4566,5090,5172,4435,972078,23565,6480,5442,5580,6221,6321,5421,883707,29456,5891,4947,5073,5656,5747,4928,,,,,,,,,,,,,,,,,,,,,,,,,,,,,
259,800061,35557,5333,4479,4593,5120,5203,4462,977853,23705,6519,5474,5613,6258,6359,5453,888957,29631,5926,4977,5103,5689,5781,4957,,,,,,,,,,,,,,,,,,,,,,,,,,,,,
260,804786,35767,5365,4505,4620,5151,5234,4488,983628,23845,6557,5507,5646,6295,6397,5485,894207,29806,5961,5006,5133,5723,5815,4987,,,,,,,,,,,,,,,,,,,,,,,,,,,,,
261,845025,37555,5633,4731,4851,5408,5495,4712,1032809,25037,6885,5782,5929,6610,6716,5760,938917,31296,6259,5256,5390,6009,6106,5236,,,,,,,,,,,,,,,,,,,,,,,,,,,,,
262,849750,37765,5665,4757,4878,5438,5526,4739,1038584,25177,6923,5814,5962,6647,6754,5792,944167,31471,6294,5286,5420,6042,6140,5265,,,,,,,,,,,,,,,,,,,,,,,,,,,,,
263,854475,37975,5696,4784,4905,5468,5557,4765,1044359,25317,6962,5847,5995,6684,6792,5824,949417,31646,6329,5315,5450,6076,6174,5294,,,,,,,,,,,,,,,,,,,,,,,,,,,,,
264,859200,38185,5728,4810,4932,5499,5587,4791,1050134,25457,7000,5879,6028,6721,6829,5856,954667,31821,6364,5344,5480,6110,6208,5324,,,,,,,,,,,,,,,,,,,,,,,,,,,,,
265,863925,38395,5759,4836,4959,5529,5618,4818,1055909,25597,7039,5911,6061,6758,6867,5888,959917,31996,6399,5374,5510,6143,6242,5353,,,,,,,,,,,,,,,,,,,,,,,,,,,,,
266,868650,38605,5791,4863,4986,5559,5649,4844,1061684,25737,7077,5944,6094,6795,6904,5921,965167,32171,6434,5403,5540,6177,6277,5382,,,,,,,,,,,,,,,,,,,,,,,,,,,,,
267,873375,38815,5822,4889,5013,5589,5680,4870,1067459,25877,7116,5976,6128,6832,6942,5953,970417,32346,6469,5433,5571,6210,6311,5412,,,,,,,,,,,,,,,,,,,,,,,,,,,,,
268,878100,39025,5854,4916,5041,5620,5710,4897,1073234,26017,7154,6008,6161,6869,6979,5985,975667,32521,6504,5462,5601,6244,6345,5441,,,,,,,,,,,,,,,,,,,,,,,,,,,,,
269,882825,39235,5885,4942,5068,5650,5741,4923,1079009,26157,7193,6041,6194,6905,7017,6017,980917,32696,6539,5491,5631,6278,6379,5470,,,,,,,,,,,,,,,,,,,,,,,,,,,,,
270,887550,39445,5917,4969,5095,5680,5772,4949,1084784,26297,7231,6073,6227,6942,7054,6049,986167,32871,6574,5521,5661,6311,6413,5499,,,,,,,,,,,,,,,,,,,,,,,,,,,,,
271,892275,39655,5948,4995,5122,5710,5803,4976,1090559,26437,7270,6105,6260,6979,7092,6082,991417,33046,6609,5550,5691,6345,6447,5529,,,,,,,,,,,,,,,,,,,,,,,,,,,,,
272,897000,39865,5980,5022,5149,5741,5833,5002,1096334,26577,7308,6138,6293,7016,7130,6114,996667,33221,6644,5580,5721,6379,6481,5558,,,,,,,,,,,,,,,,,,,,,,,,,,,,,
273,901725,40075,6011,5048,5176,5771,5864,5029,1102109,26717,7347,6170,6326,7053,7167,6146,1001917,33396,6679,5609,5751,6412,6516,5587,,,,,,,,,,,,,,,,,,,,,,,,,,,,,
274,906450,40285,6043,5075,5203,5801,5895,5055,1107884,26857,7385,6202,6360,7090,7205,6178,1007167,33571,6714,5638,5782,6446,6550,5617,,,,,,,,,,,,,,,,,,,,,,,,,,,,,
275,911175,40495,6074,5101,5230,5831,5925,5081,1113659,26997,7424,6235,6393,7127,7242,6210,1012417,33746,6749,5668,5812,6479,6584,5646,,,,,,,,,,,,,,,,,,,,,,,,,,,,,
276,915900,40705,6106,5127,5258,5862,5956,5108,1119434,27137,7462,6267,6426,7164,7280,6243,1017667,33921,6784,5697,5842,6513,6618,5675,,,,,,,,,,,,,,,,,,,,,,,,,,,,,
277,920625,40915,6137,5154,5285,5892,5987,5134,1125209,27277,7501,6299,6459,7201,7317,6275,1022917,34096,6819,5727,5872,6547,6652,5704,,,,,,,,,,,,,,,,,,,,,,,,,,,,,
278,925350,41125,6169,5180,5312,5922,6018,5160,1130984,27417,7539,6332,6492,7238,7355,6307,1028167,34271,6854,5756,5902,6580,6686,5734,,,,,,,,,,,,,,,,,,,,,,,,,,,,,
279,930075,41335,6200,5207,5339,5952,6048,5187,1136759,27557,7578,6364,6525,7275,7392,6339,1033417,34446,6889,5785,5932,6614,6720,5763,,,,,,,,,,,,,,,,,,,,,,,,,,,,,
280,934800,41545,6232,5233,5366,5983,6079,5213,1142534,27697,7616,6396,6559,7312,7430,6371,1038667,34621,6924,5815,5962,6647,6755,5792,,,,,,,,,,,,,,,,,,,,,,,,,,,,,
281,981540,43622,6543,5495,5634,6282,6383,5473,1199660,29082,7997,6716,6886,7677,7801,6690,1090600,36352,7270,6105,6260,6979,7092,6082,,,,,,,,,,,,,,,,,,,,,,,,,,,,,
282,986940,43862,6579,5525,5665,6316,6418,5504,1206260,29242,8041,6753,6924,7720,7844,6727,1096600,36552,7310,6139,6295,7018,7131,6115,,,,,,,,,,,,,,,,,,,,,,,,,,,,,
283,992340,44102,6615,5555,5696,6351,6453,5534,1212860,29402,8085,6790,6962,7762,7887,6763,1102600,36752,7350,6173,6329,7056,7170,6149,,,,,,,,,,,,,,,,,,,,,,,,,,,,,
284,997740,44342,6651,5586,5727,6385,6488,5564,1219460,29562,8129,6827,7000,7804,7930,6800,1108600,36952,7390,6206,6364,7095,7209,6182,,,,,,,,,,,,,,,,,,,,,,,,,,,,,
285,1003140,44582,6687,5616,5758,6420,6523,5594,1226060,29722,8173,6864,7038,7846,7973,6837,1114600,37152,7430,6240,6398,7133,7248,6216,,,,,,,,,,,,,,,,,,,,,,,,,,,,,
286,1008540,44822,6723,5646,5789,6454,6558,5624,1232660,29882,8217,6901,7076,7889,8016,6874,1120600,37352,7470,6273,6433,7171,7287,6249,,,,,,,,,,,,,,,,,,,,,,,,,,,,,
287,1013940,45062,6759,5676,5820,6489,6594,5654,1239260,30042,8261,6938,7114,7931,8059,6911,1126600,37552,7510,6307,6467,7210,7326,6282,,,,,,,,,,,,,,,,,,,,,,,,,,,,,
288,1019340,45302,6795,5706,5851,6523,6629,5684,1245860,30202,8305,6975,7152,7973,8102,6947,1132600,37752,7550,6340,6501,7248,7365,6316,,,,,,,,,,,,,,,,,,,,,,,,,,,,,
289,1024740,45542,6831,5737,5882,6558,6664,5714,1252460,30362,8349,7011,7189,8015,8145,6984,1138600,37952,7590,6374,6536,7287,7404,6349,,,,,,,,,,,,,,,,,,,,,,,,,,,,,
290,1030140,45782,6867,5767,5913,6593,6699,5745,1259060,30522,8393,7048,7227,8058,8188,7021,1144600,38152,7630,6408,6570,7325,7443,6383,,,,,,,,,,,,,,,,,,,,,,,,,,,,,
291,1035540,46022,6903,5797,5944,6627,6734,5775,1265660,30682,8437,7085,7265,8100,8231,7058,1150600,38352,7670,6441,6605,7364,7482,6416,,,,,,,,,,,,,,,,,,,,,,,,,,,,,
292,1040940,46262,6939,5827,5975,6662,6769,5805,1272260,30842,8481,7122,7303,8142,8273,7095,1156600,38552,7710,6475,6639,7402,7521,6450,,,,,,,,,,,,,,,,,,,,,,,,,,,,,
293,1046340,46502,6975,5858,6006,6696,6804,5835,1278860,31002,8525,7159,7341,8184,8316,7132,1162600,38752,7750,6508,6674,7440,7560,6483,,,,,,,,,,,,,,,,,,,,,,,,,,,,,
294,1051740,46742,7011,5888,6037,6731,6839,5865,1285460,31162,8569,7196,7379,8227,8359,7168,1168600,38952,7790,6542,6708,7479,7599,6517,,,,,,,,,,,,,,,,,,,,,,,,,,,,,
295,1057140,46982,7047,5918,6068,6765,6875,5895,1292060,31322,8613,7233,7417,8269,8402,7205,1174600,39152,7830,6576,6743,7517,7638,6550,,,,,,,,,,,,,,,,,,,,,,,,,,,,,
296,1062540,47222,7083,5948,6099,6800,6910,5925,1298660,31482,8657,7270,7455,8311,8445,7242,1180600,39352,7870,6609,6777,7556,7677,6584,,,,,,,,,,,,,,,,,,,,,,,,,,,,,
297,1067940,47462,7119,5979,6130,6835,6945,5955,1305260,31642,8701,7307,7493,8353,8488,7279,1186600,39552,7910,6643,6811,7594,7716,6617,,,,,,,,,,,,,,,,,,,,,,,,,,,,,
298,1073340,47702,7155,6009,6161,6869,6980,5985,1311860,31802,8745,7344,7530,8396,8531,7316,1192600,39752,7950,6676,6846,7632,7755,6651,,,,,,,,,,,,,,,,,,,,,,,,,,,,,
299,1078740,47942,7191,6039,6192,6904,7015,6016,1318460,31962,8789,7381,7568,8438,8574,7352,1198600,39952,7990,6710,6880,7671,7794,6684,,,,,,,,,,,,,,,,,,,,,,,,,,,,,
300,1084140,48182,7227,6069,6223,6938,7050,6046,1325060,32122,8833,7418,7606,8480,8617,7389,1204600,40152,8030,6744,6915,7709,7833,6717,,,,,,,,,,,,,,,,,,,,,,,,,,,,,
301,1138347,50592,7589,6373,6535,7286,7403,6348,1391313,33728,9275,7789,7987,8905,9048,7759,1264830,42160,8432,7081,7261,8095,8226,7054,,,,,,,,,,,,,,,,,,,,,,,,,,,,,
302,1143747,50832,7625,6403,6566,7320,7438,6378,1397913,33888,9319,7826,8025,8947,9091,7796,1270830,42360,8472,7115,7295,8133,8265,7087,,,,,,,,,,,,,,,,,,,,,,,,,,,,,
303,1149147,51072,7661,6434,6597,7355,7473,6409,1404513,34048,9363,7863,8063,8989,9134,7833,1276830,42560,8512,7148,7330,8172,8304,7121,,,,,,,,,,,,,,,,,,,,,,,,,,,,,
304,1154547,51312,7697,6464,6628,7389,7508,6439,1411113,34208,9407,7900,8101,9031,9177,7870,1282830,42760,8552,7182,7364,8210,8343,7154,,,,,,,,,,,,,,,,,,,,,,,,,,,,,
305,1159947,51552,7733,6494,6659,7424,7544,6469,1417713,34368,9451,7937,8139,9074,9220,7906,1288830,42960,8592,7216,7399,8249,8382,7188,,,,,,,,,,,,,,,,,,,,,,,,,,,,,
306,1165347,51792,7769,6524,6690,7458,7579,6499,1424313,34528,9495,7974,8176,9116,9263,7943,1294830,43160,8632,7249,7433,8287,8421,7221,,,,,,,,,,,,,,,,,,,,,,,,,,,,,
307,1170747,52032,7805,6554,6721,7493,7614,6529,1430913,34688,9539,8011,8214,9158,9306,7980,1300830,43360,8672,7283,7468,8325,8460,7254,,,,,,,,,,,,,,,,,,,,,,,,,,,,,
308,1176147,52272,7841,6585,6752,7527,7649,6559,1437513,34848,9583,8048,8252,9200,9349,8017,1306830,43560,8712,7316,7502,8364,8499,7288,,,,,,,,,,,,,,,,,,,,,,,,,,,,,
309,1181547,52512,7877,6615,6783,7562,7684,6589,1444113,35008,9627,8085,8290,9242,9392,8054,1312830,43760,8752,7350,7536,8402,8538,7321,,,,,,,,,,,,,,,,,,,,,,,,,,,,,
310,1186947,52752,7913,6645,6814,7597,7719,6619,1450713,35168,9671,8122,8328,9285,9434,8090,1318830,43960,8792,7384,7571,8441,8577,7355,,,,,,,,,,,,,,,,,,,,,,,,,,,,,
311,1192347,52992,7949,6675,6845,7631,7754,6649,1457313,35328,9715,8159,8366,9327,9477,8127,1324830,44160,8832,7417,7605,8479,8616,7388,,,,,,,,,,,,,,,,,,,,,,,,,,,,,
312,1197747,53232,7985,6706,6876,7666,7789,6680,1463913,35488,9759,8196,8404,9369,9520,8164,1330830,44360,8872,7451,7640,8517,8655,7422,,,,,,,,,,,,,,,,,,,,,,,,,,,,,
313,1203147,53472,8021,6736,6907,7700,7824,6710,1470513,35648,9803,8233,8442,9411,9563,8201,1336830,44560,8912,7484,7674,8556,8694,7455,,,,,,,,,,,,,,,,,,,,,,,,,,,,,
314,1208547,53712,8057,6766,6938,7735,7860,6740,1477113,35808,9847,8270,8480,9454,9606,8238,1342830,44760,8952,7518,7709,8594,8733,7489,,,,,,,,,,,,,,,,,,,,,,,,,,,,,
315,1213947,53952,8093,6796,6969,7769,7895,6770,1483713,35968,9891,8307,8517,9496,9649,8274,1348830,44960,8992,7551,7743,8633,8772,7522,,,,,,,,,,,,,,,,,,,,,,,,,,,,,
316,1219347,54192,8129,6827,7000,7804,7930,6800,1490313,36128,9935,8344,8555,9538,9692,8311,1354830,45160,9032,7585,7778,8671,8811,7556,,,,,,,,,,,,,,,,,,,,,,,,,,,,,
317,1224747,54432,8165,6857,7031,7839,7965,6830,1496913,36288,9979,8381,8593,9580,9735,8348,1360830,45360,9072,7619,7812,8709,8850,7589,,,,,,,,,,,,,,,,,,,,,,,,,,,,,
318,1230147,54672,8201,6887,7062,7873,8000,6860,1503513,36448,10023,8417,8631,9623,9778,8385,1366830,45560,9112,7652,7846,8748,8889,7623,,,,,,,,,,,,,,,,,,,,,,,,,,,,,
319,1235547,54912,8237,6917,7093,7908,8035,6890,1510113,36608,10067,8454,8669,9665,9821,8422,1372830,45760,9152,7686,7881,8786,8928,7656,,,,,,,,,,,,,,,,,,,,,,,,,,,,,
320,1240947,55152,8273,6947,7124,7942,8070,6921,1516713,36768,10111,8491,8707,9707,9864,8458,1378830,45960,9192,7719,7915,8825,8967,7689,,,,,,,,,,,,,,,,,,,,,,,,,,,,,
321,1302995,57910,8687,7295,7480,8340,8474,7267,1592549,38606,10617,8916,9143,10193,10357,8882,1447772,48258,9652,8106,8311,9266,9416,8074,,,,,,,,,,,,,,,,,,,,,,,,,,,,,
322,1309070,58180,8727,7329,7515,8379,8514,7301,1599974,38786,10667,8958,9185,10240,10406,8923,1454522,48483,9697,8144,8350,9310,9460,8112,,,,,,,,,,,,,,,,,,,,,,,,,,,,,
323,1315145,58450,8768,7363,7550,8417,8553,7335,1607399,38966,10716,8999,9228,10288,10454,8965,1461272,48708,9742,8181,8389,9353,9504,8150,,,,,,,,,,,,,,,,,,,,,,,,,,,,,
324,1321220,58720,8808,7397,7585,8456,8593,7369,1614824,39146,10766,9041,9270,10336,10502,9006,1468022,48933,9787,8219,8428,9396,9547,8187,,,,,,,,,,,,,,,,,,,,,,,,,,,,,
325,1327295,58990,8849,7431,7620,8495,8632,7402,1622249,39326,10815,9083,9313,10383,10550,9047,1474772,49158,9832,8257,8466,9439,9591,8225,,,,,,,,,,,,,,,,,,,,,,,,,,,,,
326,1333370,59260,8889,7465,7655,8534,8672,7436,1629674,39506,10865,9124,9356,10431,10599,9089,1481522,49383,9877,8295,8505,9482,9635,8263,,,,,,,,,,,,,,,,,,,,,,,,,,,,,
327,1339445,59530,8930,7499,7690,8573,8711,7470,1637099,39686,10914,9166,9398,10478,10647,9130,1488272,49608,9922,8332,8544,9526,9679,8300,,,,,,,,,,,,,,,,,,,,,,,,,,,,,
328,1345520,59800,8970,7533,7724,8612,8751,7504,1644524,39866,10964,9207,9441,10526,10695,9172,1495022,49833,9967,8370,8583,9569,9723,8338,,,,,,,,,,,,,,,,,,,,,,,,,,,,,
329,1351595,60070,9011,7567,7759,8651,8790,7538,1651949,40046,11013,9249,9484,10573,10744,9213,1501772,50058,10012,8408,8621,9612,9767,8375,,,,,,,,,,,,,,,,,,,,,,,,,,,,,
330,1357670,60340,9051,7601,7794,8690,8830,7572,1659374,40226,11063,9290,9526,10621,10792,9254,1508522,50283,10057,8446,8660,9655,9811,8413,,,,,,,,,,,,,,,,,,,,,,,,,,,,,
331,1363745,60610,9092,7635,7829,8728,8869,7606,1666799,40406,11112,9332,9569,10668,10840,9296,1515272,50508,10102,8484,8699,9698,9855,8451,,,,,,,,,,,,,,,,,,,,,,,,,,,,,
332,1369820,60880,9132,7669,7864,8767,8909,7640,1674224,40586,11162,9374,9611,10716,10889,9337,1522022,50733,10147,8521,8738,9742,9899,8488,,,,,,,,,,,,,,,,,,,,,,,,,,,,,
333,1375895,61150,9173,7703,7899,8806,8948,7673,1681649,40766,11211,9415,9654,10763,10937,9379,1528772,50958,10192,8559,8776,9785,9943,8526,,,,,,,,,,,,,,,,,,,,,,,,,,,,,
334,1381970,61420,9213,7737,7934,8845,8988,7707,1689074,40946,11261,9457,9697,10811,10985,9420,1535522,51183,10237,8597,8815,9828,9986,8564,,,,,,,,,,,,,,,,,,,,,,,,,,,,,
335,1388045,61690,9254,7771,7969,8884,9027,7741,1696499,41126,11310,9498,9739,10858,11033,9461,1542272,51408,10282,8635,8854,9871,10030,8601,,,,,,,,,,,,,,,,,,,,,,,,,,,,,
336,1394120,61960,9294,7805,8003,8923,9067,7775,1703924,41306,11360,9540,9782,10906,11082,9503,1549022,51633,10327,8673,8893,9914,10074,8639,,,,,,,,,,,,,,,,,,,,,,,,,,,,,
337,1400195,62230,9335,7839,8038,8962,9106,7809,1711349,41486,11409,9581,9825,10953,11130,9544,1555772,51858,10372,8710,8931,9958,10118,8677,,,,,,,,,,,,,,,,,,,,,,,,,,,,,
338,1406270,62500,9375,7873,8073,9001,9146,7843,1718774,41666,11459,9623,9867,11001,11178,9586,1562522,52083,10417,8748,8970,10001,10162,8714,,,,,,,,,,,,,,,,,,,,,,,,,,,,,
339,1412345,62770,9416,7907,8108,9040,9185,7877,1726199,41846,11508,9665,9910,11048,11227,9627,1569272,52308,10462,8786,9009,10044,10206,8752,,,,,,,,,,,,,,,,,,,,,,,,,,,,,
340,1418420,63040,9456,7941,8143,9078,9225,7911,1733624,42026,11558,9706,9952,11096,11275,9668,1576022,52533,10507,8824,9048,10087,10250,8790,,,,,,,,,,,,,,,,,,,,,,,,,,,,,
341,1489341,66192,9929,8338,8550,9532,9686,8306,1820305,44128,12135,10191,10450,11650,11838,10152,1654823,55160,11032,9265,9500,10591,10762,9229,,,,,,,,,,,,,,,,,,,,,,,,,,,,,
342,1495416,66462,9969,8372,8585,9571,9725,8340,1827730,44308,12185,10233,10492,11698,11886,10193,1661573,55385,11077,9302,9539,10634,10806,9266,,,,,,,,,,,,,,,,,,,,,,,,,,,,,
343,1501491,66732,10010,8406,8620,9610,9765,8374,1835155,44488,12234,10274,10535,11745,11935,10234,1668323,55610,11122,9340,9577,10678,10850,9304,,,,,,,,,,,,,,,,,,,,,,,,,,,,,
344,1507566,67002,10050,8440,8654,9649,9804,8407,1842580,44668,12284,10316,10578,11793,11983,10276,1675073,55835,11167,9378,9616,10721,10894,9342,,,,,,,,,,,,,,,,,,,,,,,,,,,,,
345,1513641,67272,10091,8474,8689,9688,9844,8441,1850005,44848,12333,10357,10620,11840,12031,10317,1681823,56060,11212,9416,9655,10764,10938,9379,,,,,,,,,,,,,,,,,,,,,,,,,,,,,
346,1519716,67542,10131,8508,8724,9726,9883,8475,1857430,45028,12383,10399,10663,11888,12080,10359,1688573,56285,11257,9454,9694,10807,10981,9417,,,,,,,,,,,,,,,,,,,,,,,,,,,,,
347,1525791,67812,10172,8542,8759,9765,9923,8509,1864855,45208,12432,10441,10706,11935,12128,10400,1695323,56510,11302,9491,9732,10850,11025,9455,,,,,,,,,,,,,,,,,,,,,,,,,,,,,
348,1531866,68082,10212,8576,8794,9804,9962,8543,1872280,45388,12482,10482,10748,11983,12176,10441,1702073,56735,11347,9529,9771,10894,11069,9492,,,,,,,,,,,,,,,,,,,,,,,,,,,,,
349,1537941,68352,10253,8610,8829,9843,10002,8577,1879705,45568,12531,10524,10791,12030,12224,10483,1708823,56960,11392,9567,9810,10937,11113,9530,,,,,,,,,,,,,,,,,,,,,,,,,,,,,
350,1544016,68622,10293,8644,8864,9882,10041,8611,1887130,45748,12581,10565,10833,12078,12273,10524,1715573,57185,11437,9605,9849,10980,11157,9568,,,,,,,,,,,,,,,,,,,,,,,,,,,,,
351,1550091,68892,10334,8678,8899,9921,10081,8645,1894555,45928,12630,10607,10876,12125,12321,10566,1722323,57410,11482,9643,9887,11023,11201,9605,,,,,,,,,,,,,,,,,,,,,,,,,,,,,
352,1556166,69162,10374,8712,8933,9960,10120,8679,1901980,46108,12680,10648,10919,12173,12369,10607,1729073,57635,11527,9680,9926,11066,11245,9643,,,,,,,,,,,,,,,,,,,,,,,,,,,,,
353,1562241,69432,10415,8746,8968,9999,10160,8712,1909405,46288,12729,10690,10961,12221,12418,10648,1735823,57860,11572,9718,9965,11110,11289,9680,,,,,,,,,,,,,,,,,,,,,,,,,,,,,
354,1568316,69702,10455,8780,9003,10038,10199,8746,1916830,46468,12779,10732,11004,12268,12466,10690,1742573,58085,11617,9756,10004,11153,11333,9718,,,,,,,,,,,,,,,,,,,,,,,,,,,,,
355,1574391,69972,10496,8814,9038,10076,10239,8780,1924255,46648,12828,10773,11047,12316,12514,10731,1749323,58310,11662,9794,10042,11196,11377,9756,,,,,,,,,,,,,,,,,,,,,,,,,,,,,
356,1580466,70242,10536,8848,9073,10115,10278,8814,1931680,46828,12878,10815,11089,12363,12563,10773,1756073,58535,11707,9832,10081,11239,11420,9793,,,,,,,,,,,,,,,,,,,,,,,,,,,,,
357,1586541,70512,10577,8882,9108,10154,10318,8848,1939105,47008,12927,10856,11132,12411,12611,10814,1762823,58760,11752,9869,10120,11282,11464,9831,,,,,,,,,,,,,,,,,,,,,,,,,,,,,
358,1592616,70782,10617,8916,9143,10193,10357,8882,1946530,47188,12977,10898,11174,12458,12659,10856,1769573,58985,11797,9907,10159,11326,11508,9869,,,,,,,,,,,,,,,,,,,,,,,,,,,,,
359,1598691,71052,10658,8950,9178,10232,10397,8916,1953955,47368,13026,10939,11217,12506,12707,10897,1776323,59210,11842,9945,10197,11369,11552,9906,,,,,,,,,,,,,,,,,,,,,,,,,,,,,
360,1604766,71322,10698,8984,9212,10271,10436,8950,1961380,47548,13076,10981,11260,12553,12756,10938,1783073,59435,11887,9983,10236,11412,11596,9944,,,,,,,,,,,,,,,,,,,,,,,,,,,,,
361,1685004,74888,11233,9433,9673,10784,10958,9397,2059450,49926,13729,11530,11822,13180,13393,11485,1872227,62407,12481,10482,10748,11982,12176,10441,,,,,,,,,,,,,,,,,,,,,,,,,,,,,
362,1691754,75188,11278,9471,9712,10827,11002,9434,2067700,50126,13784,11576,11870,13233,13447,11531,1879727,62657,12531,10524,10791,12030,12224,10483,,,,,,,,,,,,,,,,,,,,,,,,,,,,,
363,1698504,75488,11323,9509,9750,10870,11046,9472,2075950,50326,13839,11622,11917,13286,13500,11577,1887227,62907,12581,10566,10834,12078,12273,10525,,,,,,,,,,,,,,,,,,,,,,,,,,,,,
364,1705254,75788,11368,9547,9789,10914,11090,9510,2084200,50526,13894,11668,11964,13339,13554,11623,1894727,63157,12631,10608,10877,12126,12322,10566,,,,,,,,,,,,,,,,,,,,,,,,,,,,,
365,1712004,76088,11413,9585,9828,10957,11134,9547,2092450,50726,13949,11714,12012,13392,13608,11669,1902227,63407,12681,10649,10920,12174,12371,10608,,,,,,,,,,,,,,,,,,,,,,,,,,,,,
366,1718754,76388,11458,9622,9867,11000,11177,9585,2100700,50926,14004,11761,12059,13444,13661,11715,1909727,63657,12731,10691,10963,12222,12419,10650,,,,,,,,,,,,,,,,,,,,,,,,,,,,,
367,1725504,76688,11503,9660,9905,11043,11221,9623,2108950,51126,14059,11807,12106,13497,13715,11761,1917227,63907,12781,10733,11006,12270,12468,10692,,,,,,,,,,,,,,,,,,,,,,,,,,,,,
368,1732254,76988,11548,9698,9944,11086,11265,9660,2117200,51326,14114,11853,12154,13550,13769,11807,1924727,64157,12831,10775,11049,12318,12517,10734,,,,,,,,,,,,,,,,,,,,,,,,,,,,,
369,1739004,77288,11593,9736,9983,11130,11309,9698,2125450,51526,14169,11899,12201,13603,13822,11853,1932227,64407,12881,10817,11092,12366,12566,10775,,,,,,,,,,,,,,,,,,,,,,,,,,,,,
370,1745754,77588,11638,9774,10022,11173,11353,9736,2133700,51726,14224,11945,12249,13656,13876,11899,1939727,64657,12931,10859,11135,12414,12615,10817,,,,,,,,,,,,,,,,,,,,,,,,,,,,,
371,1752504,77888,11683,9811,10060,11216,11397,9773,2141950,51926,14279,11992,12296,13709,13930,11945,1947227,64907,12981,10901,11178,12462,12663,10859,,,,,,,,,,,,,,,,,,,,,,,,,,,,,
372,1759254,78188,11728,9849,10099,11259,11441,9811,2150200,52126,14334,12038,12343,13761,13983,11991,1954727,65157,13031,10943,11221,12510,12712,10901,,,,,,,,,,,,,,,,,,,,,,,,,,,,,
373,1766004,78488,11773,9887,10138,11302,11485,9849,2158450,52326,14389,12084,12391,13814,14037,12037,1962227,65407,13081,10985,11264,12558,12761,10943,,,,,,,,,,,,,,,,,,,,,,,,,,,,,
374,1772754,78788,11818,9925,10177,11346,11529,9886,2166700,52526,14444,12130,12438,13867,14091,12083,1969727,65657,13131,11027,11307,12606,12810,10985,,,,,,,,,,,,,,,,,,,,,,,,,,,,,
375,1779504,79088,11863,9962,10215,11389,11573,9924,2174950,52726,14499,12176,12485,13920,14144,12129,1977227,65907,13181,11069,11350,12654,12858,11026,,,,,,,,,,,,,,,,,,,,,,,,,,,,,
376,1786254,79388,11908,10000,10254,11432,11616,9961,2183200,52926,14554,12223,12533,13973,14198,12175,1984727,66157,13231,11111,11393,12702,12907,11068,,,,,,,,,,,,,,,,,,,,,,,,,,,,,
377,1793004,79688,11953,10038,10293,11475,11660,9999,2191450,53126,14609,12269,12580,14025,14252,12221,1992227,66407,13281,11153,11436,12750,12956,11110,,,,,,,,,,,,,,,,,,,,,,,,,,,,,
378,1799754,79988,11998,10076,10332,11518,11704,10037,2199700,53326,14664,12315,12627,14078,14305,12267,1999727,66657,13331,11195,11479,12798,13005,11152,,,,,,,,,,,,,,,,,,,,,,,,,,,,,
379,1806504,80288,12043,10114,10370,11562,11748,10074,2207950,53526,14719,12361,12675,14131,14359,12313,2007227,66907,13381,11237,11523,12846,13053,11194,,,,,,,,,,,,,,,,,,,,,,,,,,,,,
380,1813254,80588,12088,10151,10409,11605,11792,10112,2216200,53726,14774,12407,12722,14184,14412,12359,2014727,67157,13431,11279,11566,12894,13102,11236,,,,,,,,,,,,,,,,,,,,,,,,,,,,,
381,1903917,84618,12693,10659,10930,12185,12382,10618,2327009,56412,15513,13028,13359,14893,15134,12978,2115463,70515,14103,11844,12144,13539,13758,11798,,,,,,,,,,,,,,,,,,,,,,,,,,,,,
382,1910667,84918,12738,10697,10969,12229,12426,10656,2335259,56612,15568,13074,13406,14946,15187,13024,2122963,70765,14153,11886,12187,13587,13807,11840,,,,,,,,,,,,,,,,,,,,,,,,,,,,,
383,1917417,85218,12783,10735,11007,12272,12470,10693,2343509,56812,15623,13120,13453,14999,15241,13070,2130463,71015,14203,11928,12230,13635,13855,11881,,,,,,,,,,,,,,,,,,,,,,,,,,,,,
384,1924167,85518,12828,10773,11046,12315,12514,10731,2351759,57012,15678,13167,13501,15052,15295,13116,2137963,71265,14253,11970,12273,13683,13904,11923,,,,,,,,,,,,,,,,,,,,,,,,,,,,,
385,1930917,85818,12873,10810,11085,12358,12558,10769,2360009,57212,15733,13213,13548,15105,15348,13162,2145463,71515,14303,12012,12316,13731,13953,11965,,,,,,,,,,,,,,,,,,,,,,,,,,,,,
386,1937667,86118,12918,10848,11124,12402,12602,10806,2368259,57412,15788,13259,13595,15157,15402,13208,2152963,71765,14353,12054,12360,13779,14002,12007,,,,,,,,,,,,,,,,,,,,,,,,,,,,,
387,1944417,86418,12963,10886,11162,12445,12645,10844,2376509,57612,15843,13305,13643,15210,15456,13254,2160463,72015,14403,12096,12403,13827,14050,12049,,,,,,,,,,,,,,,,,,,,,,,,,,,,,
388,1951167,86718,13008,10924,11201,12488,12689,10881,2384759,57812,15898,13351,13690,15263,15509,13300,2167963,72265,14453,12138,12446,13875,14099,12091,,,,,,,,,,,,,,,,,,,,,,,,,,,,,
389,1957917,87018,13053,10962,11240,12531,12733,10919,2393009,58012,15953,13398,13738,15316,15563,13346,2175463,72515,14503,12180,12489,13923,14148,12132,,,,,,,,,,,,,,,,,,,,,,,,,,,,,
390,1964667,87318,13098,10999,11279,12574,12777,10957,2401259,58212,16008,13444,13785,15369,15616,13392,2182963,72765,14553,12222,12532,13971,14197,12174,,,,,,,,,,,,,,,,,,,,,,,,,,,,,
391,1971417,87618,13143,11037,11317,12618,12821,10994,2409509,58412,16063,13490,13832,15421,15670,13438,2190463,73015,14603,12264,12575,14019,14246,12216,,,,,,,,,,,,,,,,,,,,,,,,,,,,,
392,1978167,87918,13188,11075,11356,12661,12865,11032,2417759,58612,16118,13536,13880,15474,15724,13484,2197963,73265,14653,12306,12618,14067,14294,12258,,,,,,,,,,,,,,,,,,,,,,,,,,,,,
393,1984917,88218,13233,11113,11395,12704,12909,11070,2426009,58812,16173,13582,13927,15527,15777,13530,2205463,73515,14703,12348,12661,14115,14343,12300,,,,,,,,,,,,,,,,,,,,,,,,,,,,,
394,1991667,88518,13278,11151,11434,12747,12953,11107,2434259,59012,16228,13629,13974,15580,15831,13576,2212963,73765,14753,12390,12704,14163,14392,12341,,,,,,,,,,,,,,,,,,,,,,,,,,,,,
395,1998417,88818,13323,11188,11472,12790,12997,11145,2442509,59212,16283,13675,14022,15633,15885,13622,2220463,74015,14803,12432,12747,14211,14441,12383,,,,,,,,,,,,,,,,,,,,,,,,,,,,,
396,2005167,89118,13368,11226,11511,12834,13041,11183,2450759,59412,16338,13721,14069,15685,15938,13668,2227963,74265,14853,12474,12790,14259,14489,12425,,,,,,,,,,,,,,,,,,,,,,,,,,,,,
397,2011917,89418,13413,11264,11550,12877,13084,11220,2459009,59612,16393,13767,14116,15738,15992,13714,2235463,74515,14903,12516,12833,14307,14538,12467,,,,,,,,,,,,,,,,,,,,,,,,,,,,,
398,2018667,89718,13458,11302,11589,12920,13128,11258,2467259,59812,16448,13813,14164,15791,16046,13760,2242963,74765,14953,12558,12876,14355,14587,12509,,,,,,,,,,,,,,,,,,,,,,,,,,,,,
399,2025417,90018,13503,11340,11627,12963,13172,11296,2475509,60012,16503,13859,14211,15844,16099,13806,2250463,75015,15003,12600,12919,14403,14636,12551,,,,,,,,,,,,,,,,,,,,,,,,,,,,,
400,2032167,90318,13548,11377,11666,13006,13216,11333,2483759,60212,16558,13906,14259,15897,16153,13852,2257963,75265,15053,12641,12962,14451,14685,12592,,,,,,,,,,,,,,,,,,,,,,,,,,,,,
401,2133775,94834,14225,11946,12250,13657,13877,11900,2607947,63222,17387,14601,14972,16692,16961,14545,2370861,79028,15806,13274,13611,15174,15419,13222,,,,,,,,,,,,,,,,,,,,,,,,,,,,,
402,2141200,95164,14275,11988,12292,13704,13926,11942,2617022,63442,17447,14652,15024,16750,17020,14595,2379111,79303,15861,13320,13658,15227,15473,13268,,,,,,,,,,,,,,,,,,,,,,,,,,,,,
403,2148625,95494,14324,12030,12335,13752,13974,11983,2626097,63662,17508,14703,15076,16808,17079,14646,2387361,79578,15916,13366,13705,15280,15526,13314,,,,,,,,,,,,,,,,,,,,,,,,,,,,,
404,2156050,95824,14374,12071,12378,13800,14022,12024,2635172,63882,17568,14754,15128,16866,17138,14696,2395611,79853,15971,13412,13753,15333,15580,13360,,,,,,,,,,,,,,,,,,,,,,,,,,,,,
405,2163475,96154,14423,12113,12420,13847,14070,12066,2644247,64102,17629,14804,15180,16924,17197,14747,2403861,80128,16026,13459,13800,15386,15634,13406,,,,,,,,,,,,,,,,,,,,,,,,,,,,,
406,2170900,96484,14473,12154,12463,13895,14119,12107,2653322,64322,17689,14855,15232,16982,17256,14798,2412111,80403,16081,13505,13848,15438,15687,13452,,,,,,,,,,,,,,,,,,,,,,,,,,,,,
407,2178325,96814,14522,12196,12505,13942,14167,12149,2662397,64542,17750,14906,15284,17040,17315,14848,2420361,80678,16136,13551,13895,15491,15741,13498,,,,,,,,,,,,,,,,,,,,,,,,,,,,,
408,2185750,97144,14572,12237,12548,13990,14215,12190,2671472,64762,17810,14957,15336,17098,17374,14899,2428611,80953,16191,13597,13942,15544,15795,13544,,,,,,,,,,,,,,,,,,,,,,,,,,,,,
409,2193175,97474,14621,12279,12591,14037,14264,12231,2680547,64982,17871,15008,15389,17156,17433,14949,2436861,81228,16246,13643,13990,15597,15848,13590,,,,,,,,,,,,,,,,,,,,,,,,,,,,,
410,2200600,97804,14671,12321,12633,14085,14312,12273,2689622,65202,17931,15059,15441,17215,17492,15000,2445111,81503,16301,13690,14037,15650,15902,13636,,,,,,,,,,,,,,,,,,,,,,,,,,,,,
411,2208025,98134,14720,12362,12676,14132,14360,12314,2698697,65422,17992,15109,15493,17273,17551,15051,2453361,81778,16356,13736,14084,15702,15956,13682,,,,,,,,,,,,,,,,,,,,,,,,,,,,,
412,2215450,98464,14770,12404,12719,14180,14408,12356,2707772,65642,18052,15160,15545,17331,17610,15101,2461611,82053,16411,13782,14132,15755,16009,13728,,,,,,,,,,,,,,,,,,,,,,,,,,,,,
413,2222875,98794,14819,12445,12761,14227,14457,12397,2716847,65862,18113,15211,15597,17389,17669,15152,2469861,82328,16466,13828,14179,15808,16063,13774,,,,,,,,,,,,,,,,,,,,,,,,,,,,,
414,2230300,99124,14869,12487,12804,14275,14505,12438,2725922,66082,18173,15262,15649,17447,17728,15203,2478111,82603,16521,13874,14226,15861,16117,13820,,,,,,,,,,,,,,,,,,,,,,,,,,,,,
415,2237725,99454,14918,12528,12846,14322,14553,12480,2734997,66302,18234,15313,15701,17505,17787,15253,2486361,82878,16576,13921,14274,15914,16170,13867,,,,,,,,,,,,,,,,,,,,,,,,,,,,,
416,2245150,99784,14968,12570,12889,14370,14602,12521,2744072,66522,18294,15363,15753,17563,17846,15304,2494611,83153,16631,13967,14321,15966,16224,13913,,,,,,,,,,,,,,,,,,,,,,,,,,,,,
417,2252575,100114,15017,12612,12932,14417,14650,12563,2753147,66742,18355,15414,15805,17621,17905,15354,2502861,83428,16686,14013,14369,16019,16278,13959,,,,,,,,,,,,,,,,,,,,,,,,,,,,,
418,2260000,100444,15067,12653,12974,14465,14698,12604,2762222,66962,18415,15465,15857,17679,17964,15405,2511111,83703,16741,14059,14416,16072,16331,14005,,,,,,,,,,,,,,,,,,,,,,,,,,,,,
419,2267425,100774,15116,12695,13017,14512,14746,12645,2771297,67182,18476,15516,15910,17737,18023,15456,2519361,83978,16796,14105,14463,16125,16385,14051,,,,,,,,,,,,,,,,,,,,,,,,,,,,,
420,2274850,101104,15166,12736,13060,14560,14795,12687,2780372,67402,18536,15567,15962,17795,18082,15506,2527611,84253,16851,14151,14511,16178,16439,14097,,,,,,,,,,,,,,,,,,,,,,,,,,,,,
421,2388593,106159,15925,13373,13713,15288,15535,13322,2919391,70773,19463,16345,16760,18686,18987,16282,2653992,88466,17694,14859,15237,16987,17261,14802,,,,,,,,,,,,,,,,,,,,,,,,,,,,,
422,2396018,106489,15974,13415,13755,15336,15583,13363,2928466,70993,19524,16396,16812,18744,19046,16333,2662242,88741,17749,14906,15284,17040,17315,14848,,,,,,,,,,,,,,,,,,,,,,,,,,,,,
423,2403443,106819,16024,13457,13798,15383,15631,13404,2937541,71213,19584,16447,16864,18802,19105,16383,2670492,89016,17804,14952,15331,17093,17368,14894,,,,,,,,,,,,,,,,,,,,,,,,,,,,,
424,2410868,107149,16073,13498,13841,15431,15680,13446,2946616,71433,19645,16498,16916,18860,19164,16434,2678742,89291,17859,14998,15379,17145,17422,14940,,,,,,,,,,,,,,,,,,,,,,,,,,,,,
425,2418293,107479,16123,13540,13883,15478,15728,13487,2955691,71653,19705,16549,16969,18918,19223,16484,2686992,89566,17914,15044,15426,17198,17476,14986,,,,,,,,,,,,,,,,,,,,,,,,,,,,,
426,2425718,107809,16172,13581,13926,15526,15776,13529,2964766,71873,19766,16599,17021,18976,19282,16535,2695242,89841,17969,15090,15473,17251,17529,15032,,,,,,,,,,,,,,,,,,,,,,,,,,,,,
427,2433143,108139,16222,13623,13969,15573,15825,13570,2973841,72093,19826,16650,17073,19034,19341,16586,2703492,90116,18024,15137,15521,17304,17583,15078,,,,,,,,,,,,,,,,,,,,,,,,,,,,,
428,2440568,108469,16271,13664,14011,15621,15873,13611,2982916,72313,19887,16701,17125,19092,19400,16636,2711742,90391,18079,15183,15568,17357,17637,15124,,,,,,,,,,,,,,,,,,,,,,,,,,,,,
429,2447993,108799,16321,13706,14054,15668,15921,13653,2991991,72533,19947,16752,17177,19150,19459,16687,2719992,90666,18134,15229,15615,17409,17690,15170,,,,,,,,,,,,,,,,,,,,,,,,,,,,,
430,2455418,109129,16370,13748,14096,15716,15969,13694,3001066,72753,20008,16803,17229,19208,19518,16737,2728242,90941,18189,15275,15663,17462,17744,15216,,,,,,,,,,,,,,,,,,,,,,,,,,,,,
431,2462843,109459,16420,13789,14139,15763,16018,13736,3010141,72973,20068,16853,17281,19266,19577,16788,2736492,91216,18244,15321,15710,17515,17797,15262,,,,,,,,,,,,,,,,,,,,,,,,,,,,,
432,2470268,109789,16469,13831,14182,15811,16066,13777,3019216,73193,20129,16904,17333,19325,19636,16839,2744742,91491,18299,15367,15757,17568,17851,15308,,,,,,,,,,,,,,,,,,,,,,,,,,,,,
433,2477693,110119,16519,13872,14224,15859,16114,13818,3028291,73413,20189,16955,17385,19383,19695,16889,2752992,91766,18354,15414,15805,17621,17905,15354,,,,,,,,,,,,,,,,,,,,,,,,,,,,,
434,2485118,110449,16568,13914,14267,15906,16163,13860,3037366,73633,20250,17006,17437,19441,19754,16940,2761242,92041,18409,15460,15852,17673,17958,15400,,,,,,,,,,,,,,,,,,,,,,,,,,,,,
435,2492543,110779,16618,13955,14310,15954,16211,13901,3046441,73853,20310,17057,17490,19499,19813,16990,2769492,92316,18464,15506,15900,17726,18012,15446,,,,,,,,,,,,,,,,,,,,,,,,,,,,,
436,2499968,111109,16667,13997,14352,16001,16259,13943,3055516,74073,20371,17107,17542,19557,19872,17041,2777742,92591,18519,15552,15947,17779,18066,15492,,,,,,,,,,,,,,,,,,,,,,,,,,,,,
437,2507393,111439,16717,14039,14395,16049,16307,13984,3064591,74293,20431,17158,17594,19615,19931,17092,2785992,92866,18574,15598,15994,17832,18119,15538,,,,,,,,,,,,,,,,,,,,,,,,,,,,,
438,2514818,111769,16766,14080,14437,16096,16356,14026,3073666,74513,20492,17209,17646,19673,19990,17142,2794242,93141,18629,15645,16042,17885,18173,15584,,,,,,,,,,,,,,,,,,,,,,,,,,,,,
439,2522243,112099,16816,14122,14480,16144,16404,14067,3082741,74733,20552,17260,17698,19731,20049,17193,2802492,93416,18684,15691,16089,17937,18227,15630,,,,,,,,,,,,,,,,,,,,,,,,,,,,,
440,2529668,112429,16865,14163,14523,16191,16452,14108,3091816,74953,20613,17311,17750,19789,20108,17244,2810742,93691,18739,15737,16136,17990,18280,15676,,,,,,,,,,,,,,,,,,,,,,,,,,,,,
441,2656151,118051,17708,14872,15249,17001,17275,14814,3246407,78701,21644,18176,18638,20779,21114,18106,2951279,98376,19676,16524,16943,18890,19194,16460,,,,,,,,,,,,,,,,,,,,,,,,,,,,,
442,2664251,118411,17762,14917,15295,17053,17328,14859,3256307,78941,21710,18232,18694,20842,21178,18161,2960279,98676,19736,16574,16995,18947,19253,16510,,,,,,,,,,,,,,,,,,,,,,,,,,,,,
443,2672351,118771,17816,14962,15342,17104,17380,14904,3266207,79181,21776,18287,18751,20905,21243,18216,2969279,98976,19796,16625,17047,19005,19311,16560,,,,,,,,,,,,,,,,,,,,,,,,,,,,,
444,2680451,119131,17870,15008,15388,17156,17433,14949,3276107,79421,21842,18343,18808,20969,21307,18271,2978279,99276,19856,16675,17098,19063,19370,16610,,,,,,,,,,,,,,,,,,,,,,,,,,,,,
445,2688551,119491,17924,15053,15435,17208,17486,14994,3286007,79661,21908,18398,18865,21032,21371,18327,2987279,99576,19916,16725,17150,19120,19429,16661,,,,,,,,,,,,,,,,,,,,,,,,,,,,,
446,2696651,119851,17978,15098,15481,17260,17538,15040,3295907,79901,21974,18453,18922,21096,21436,18382,2996279,99876,19976,16776,17202,19178,19487,16711,,,,,,,,,,,,,,,,,,,,,,,,,,,,,
447,2704751,120211,18032,15144,15528,17312,17591,15085,3305807,80141,22040,18509,18979,21159,21500,18437,3005279,100176,20036,16826,17253,19235,19546,16761,,,,,,,,,,,,,,,,,,,,,,,,,,,,,
448,2712851,120571,18086,15189,15574,17364,17644,15130,3315707,80381,22106,18564,19035,21222,21565,18492,3014279,100476,20096,16877,17305,19293,19604,16811,,,,,,,,,,,,,,,,,,,,,,,,,,,,,
449,2720951,120931,18140,15234,15621,17416,17696,15175,3325607,80621,22172,18620,19092,21286,21629,18547,3023279,100776,20156,16927,17357,19351,19663,16861,,,,,,,,,,,,,,,,,,,,,,,,,,,,,
450,2729051,121291,18194,15280,15667,17467,17749,15220,3335507,80861,22238,18675,19149,21349,21693,18603,3032279,101076,20216,16977,17408,19408,19721,16912,,,,,,,,,,,,,,,,,,,,,,,,,,,,,
451,2737151,121651,18248,15325,15714,17519,17802,15266,3345407,81101,22304,18731,19206,21412,21758,18658,3041279,101376,20276,17028,17460,19466,19780,16962,,,,,,,,,,,,,,,,,,,,,,,,,,,,,
452,2745251,122011,18302,15370,15760,17571,17854,15311,3355307,81341,22370,18786,19263,21476,21822,18713,3050279,101676,20336,17078,17512,19523,19838,17012,,,,,,,,,,,,,,,,,,,,,,,,,,,,,
453,2753351,122371,18356,15416,15807,17623,17907,15356,3365207,81581,22436,18841,19320,21539,21886,18768,3059279,101976,20396,17129,17563,19581,19897,17062,,,,,,,,,,,,,,,,,,,,,,,,,,,,,
454,2761451,122731,18410,15461,15853,17675,17960,15401,3375107,81821,22502,18897,19376,21602,21951,18824,3068279,102276,20456,17179,17615,19639,19955,17112,,,,,,,,,,,,,,,,,,,,,,,,,,,,,
455,2769551,123091,18464,15506,15900,17727,18012,15446,3385007,82061,22568,18952,19433,21666,22015,18879,3077279,102576,20516,17229,17667,19696,20014,17162,,,,,,,,,,,,,,,,,,,,,,,,,,,,,
456,2777651,123451,18518,15552,15946,17778,18065,15491,3394907,82301,22634,19008,19490,21729,22080,18934,3086279,102876,20576,17280,17718,19754,20072,17213,,,,,,,,,,,,,,,,,,,,,,,,,,,,,
457,2785751,123811,18572,15597,15993,17830,18118,15537,3404807,82541,22700,19063,19547,21793,22144,18989,3095279,103176,20636,17330,17770,19811,20131,17263,,,,,,,,,,,,,,,,,,,,,,,,,,,,,
458,2793851,124171,18626,15642,16039,17882,18171,15582,3414707,82781,22766,19119,19604,21856,22208,19044,3104279,103476,20696,17380,17822,19869,20189,17313,,,,,,,,,,,,,,,,,,,,,,,,,,,,,
459,2801951,124531,18680,15688,16086,17934,18223,15627,3424607,83021,22832,19174,19661,21919,22273,19100,3113279,103776,20756,17431,17873,19927,20248,17363,,,,,,,,,,,,,,,,,,,,,,,,,,,,,
460,2810051,124891,18734,15733,16132,17986,18276,15672,3434507,83261,22898,19229,19717,21983,22337,19155,3122279,104076,20816,17481,17925,19984,20307,17413,,,,,,,,,,,,,,,,,,,,,,,,,,,,,
461,2950554,131136,19671,16520,16939,18885,19190,16456,3606232,87424,24043,20191,20703,23082,23454,20113,3278393,109280,21857,18355,18821,20984,21322,18284,,,,,,,,,,,,,,,,,,,,,,,,,,,,,
462,2958654,131496,19725,16565,16986,18937,19243,16501,3616132,87664,24109,20246,20760,23145,23519,20168,3287393,109580,21917,18406,18873,21041,21381,18334,,,,,,,,,,,,,,,,,,,,,,,,,,,,,
463,2966754,131856,19779,16611,17032,18989,19295,16546,3626032,87904,24175,20302,20817,23209,23583,20223,3296393,109880,21977,18456,18925,21099,21439,18385,,,,,,,,,,,,,,,,,,,,,,,,,,,,,
464,2974854,132216,19833,16656,17079,19041,19348,16591,3635932,88144,24241,20357,20874,23272,23647,20278,3305393,110180,22037,18507,18976,21156,21498,18435,,,,,,,,,,,,,,,,,,,,,,,,,,,,,
465,2982954,132576,19887,16701,17125,19093,19401,16637,3645832,88384,24307,20413,20931,23335,23712,20334,3314393,110480,22097,18557,19028,21214,21556,18485,,,,,,,,,,,,,,,,,,,,,,,,,,,,,
466,2991054,132936,19941,16747,17172,19144,19453,16682,3655732,88624,24373,20468,20988,23399,23776,20389,3323393,110780,22157,18607,19080,21272,21615,18535,,,,,,,,,,,,,,,,,,,,,,,,,,,,,
467,2999154,133296,19995,16792,17218,19196,19506,16727,3665632,88864,24439,20524,21044,23462,23841,20444,3332393,111080,22217,18658,19131,21329,21673,18585,,,,,,,,,,,,,,,,,,,,,,,,,,,,,
468,3007254,133656,20049,16837,17265,19248,19559,16772,3675532,89104,24505,20579,21101,23525,23905,20499,3341393,111380,22277,18708,19183,21387,21732,18636,,,,,,,,,,,,,,,,,,,,,,,,,,,,,
469,3015354,134016,20103,16883,17311,19300,19611,16817,3685432,89344,24571,20634,21158,23589,23969,20554,3350393,111680,22337,18759,19235,21444,21790,18686,,,,,,,,,,,,,,,,,,,,,,,,,,,,,
470,3023454,134376,20157,16928,17358,19352,19664,16862,3695332,89584,24637,20690,21215,23652,24034,20610,3359393,111980,22397,18809,19286,21502,21849,18736,,,,,,,,,,,,,,,,,,,,,,,,,,,,,
471,3031554,134736,20211,16973,17404,19404,19717,16908,3705232,89824,24703,20745,21272,23716,24098,20665,3368393,112280,22457,18859,19338,21560,21907,18786,,,,,,,,,,,,,,,,,,,,,,,,,,,,,
472,3039654,135096,20265,17019,17451,19455,19769,16953,3715132,90064,24769,20801,21329,23779,24162,20720,3377393,112580,22517,18910,19390,21617,21966,18836,,,,,,,,,,,,,,,,,,,,,,,,,,,,,
473,3047754,135456,20319,17064,17497,19507,19822,16998,3725032,90304,24835,20856,21385,23842,24227,20775,3386393,112880,22577,18960,19441,21675,22024,18887,,,,,,,,,,,,,,,,,,,,,,,,,,,,,
474,3055854,135816,20373,17109,17544,19559,19875,17043,3734932,90544,24901,20912,21442,23906,24291,20830,3395393,113180,22637,19011,19493,21732,22083,18937,,,,,,,,,,,,,,,,,,,,,,,,,,,,,
475,3063954,136176,20427,17155,17590,19611,19927,17088,3744832,90784,24967,20967,21499,23969,24356,20886,3404393,113480,22697,19061,19545,21790,22141,18987,,,,,,,,,,,,,,,,,,,,,,,,,,,,,
476,3072054,136536,20481,17200,17637,19663,19980,17133,3754732,91024,25033,21022,21556,24032,24420,20941,3413393,113780,22757,19111,19596,21848,22200,19037,,,,,,,,,,,,,,,,,,,,,,,,,,,,,
477,3080154,136896,20535,17246,17683,19715,20033,17179,3764632,91264,25099,21078,21613,24096,24484,20996,3422393,114080,22817,19162,19648,21905,22259,19087,,,,,,,,,,,,,,,,,,,,,,,,,,,,,
478,3088254,137256,20589,17291,17730,19767,20085,17224,3774532,91504,25165,21133,21670,24159,24549,21051,3431393,114380,22877,19212,19700,21963,22317,19138,,,,,,,,,,,,,,,,,,,,,,,,,,,,,
479,3096354,137616,20643,17336,17776,19818,20138,17269,3784432,91744,25231,21189,21726,24222,24613,21107,3440393,114680,22937,19262,19751,22020,22376,19188,,,,,,,,,,,,,,,,,,,,,,,,,,,,,
480,3104454,137976,20697,17382,17823,19870,20191,17314,3794332,91984,25297,21244,21783,24286,24678,21162,3449393,114980,22997,19313,19803,22078,22434,19238,,,,,,,,,,,,,,,,,,,,,,,,,,,,,
481,3259677,144875,21732,18251,18714,20864,21200,18180,3984049,96583,26562,22306,22873,25500,25912,22220,3621863,120729,24147,20279,20793,23182,23556,20200,,,,,,,,,,,,,,,,,,,,,,,,,,,,,
482,3268452,145265,21791,18300,18764,20920,21257,18229,3994774,96843,26633,22367,22934,25569,25981,22280,3631613,121054,24212,20333,20849,23244,23619,20254,,,,,,,,,,,,,,,,,,,,,,,,,,,,,
483,3277227,145655,21849,18349,18815,20976,21315,18278,4005499,97103,26705,22427,22996,25638,26051,22340,3641363,121379,24277,20388,20905,23307,23683,20309,,,,,,,,,,,,,,,,,,,,,,,,,,,,,
484,3286002,146045,21908,18398,18865,21032,21372,18327,4016224,97363,26776,22487,23057,25706,26121,22399,3651113,121704,24342,20442,20961,23369,23746,20363,,,,,,,,,,,,,,,,,,,,,,,,,,,,,
485,3294777,146435,21966,18447,18915,21089,21429,18376,4026949,97623,26848,22547,23119,25775,26191,22459,3660863,122029,24407,20497,21017,23432,23810,20417,,,,,,,,,,,,,,,,,,,,,,,,,,,,,
486,3303552,146825,22025,18496,18966,21145,21486,18425,4037674,97883,26919,22607,23180,25844,26260,22519,3670613,122354,24472,20552,21073,23494,23873,20472,,,,,,,,,,,,,,,,,,,,,,,,,,,,,
487,3312327,147215,22083,18546,19016,21201,21543,18474,4048399,98143,26991,22667,23242,25912,26330,22579,3680363,122679,24537,20606,21129,23557,23936,20526,,,,,,,,,,,,,,,,,,,,,,,,,,,,,
488,3321102,147605,22142,18595,19067,21257,21600,18523,4059124,98403,27062,22727,23304,25981,26400,22639,3690113,123004,24602,20661,21185,23619,24000,20581,,,,,,,,,,,,,,,,,,,,,,,,,,,,,
489,3329877,147995,22200,18644,19117,21313,21657,18571,4069849,98663,27134,22787,23365,26049,26470,22698,3699863,123329,24667,20715,21241,23681,24063,20635,,,,,,,,,,,,,,,,,,,,,,,,,,,,,
490,3338652,148385,22259,18693,19167,21369,21714,18620,4080574,98923,27205,22847,23427,26118,26539,22758,3709613,123654,24732,20770,21297,23744,24127,20689,,,,,,,,,,,,,,,,,,,,,,,,,,,,,
491,3347427,148775,22317,18742,19218,21425,21771,18669,4091299,99183,27277,22907,23488,26187,26609,22818,3719363,123979,24797,20825,21353,23806,24190,20744,,,,,,,,,,,,,,,,,,,,,,,,,,,,,
492,3356202,149165,22376,18791,19268,21482,21828,18718,4102024,99443,27348,22967,23550,26255,26679,22878,3729113,124304,24862,20879,21409,23869,24253,20798,,,,,,,,,,,,,,,,,,,,,,,,,,,,,
493,3364977,149555,22434,18840,19318,21538,21885,18767,4112749,99703,27420,23027,23611,26324,26749,22938,3738863,124629,24927,20934,21465,23931,24317,20852,,,,,,,,,,,,,,,,,,,,,,,,,,,,,
494,3373752,149945,22493,18889,19369,21594,21942,18816,4123474,99963,27491,23087,23673,26393,26818,22998,3748613,124954,24992,20988,21521,23993,24380,20907,,,,,,,,,,,,,,,,,,,,,,,,,,,,,
495,3382527,150335,22551,18939,19419,21650,21999,18865,4134199,100223,27563,23147,23735,26461,26888,23057,3758363,125279,25057,21043,21577,24056,24444,20961,,,,,,,,,,,,,,,,,,,,,,,,,,,,,
496,3391302,150725,22610,18988,19470,21706,22056,18914,4144924,100483,27634,23207,23796,26530,26958,23117,3768113,125604,25122,21097,21633,24118,24507,21016,,,,,,,,,,,,,,,,,,,,,,,,,,,,,
497,3400077,151115,22668,19037,19520,21762,22113,18963,4155649,100743,27706,23267,23858,26599,27028,23177,3777863,125929,25187,21152,21689,24181,24571,21070,,,,,,,,,,,,,,,,,,,,,,,,,,,,,
498,3408852,151505,22727,19086,19570,21819,22171,19012,4166374,101003,27777,23327,23919,26667,27097,23237,3787613,126254,25252,21207,21745,24243,24634,21124,,,,,,,,,,,,,,,,,,,,,,,,,,,,,
499,3417627,151895,22785,19135,19621,21875,22228,19061,4177099,101263,27849,23387,23981,26736,27167,23297,3797363,126579,25317,21261,21801,24305,24697,21179,,,,,,,,,,,,,,,,,,,,,,,,,,,,,
500,3426402,152285,22844,19184,19671,21931,22285,19110,4187824,101523,27920,23447,24042,26805,27237,23356,3807113,126904,25382,21316,21857,24368,24761,21233,,,,,,,,,,,,,,,,,,,,,,,,,,,,,
501,3597722,159899,23986,20143,20655,23027,23399,20065,4397216,106599,29316,24620,25244,28145,28599,24524,3997469,133249,26651,22381,22949,25586,25999,22295,,,,,,,,,,,,,,,,,,,,,,,,,,,,,
502,3606497,160289,24044,20192,20705,23084,23456,20114,4407941,106859,29388,24680,25306,28213,28668,24584,4007219,133574,26716,22436,23005,25648,26062,22349,,,,,,,,,,,,,,,,,,,,,,,,,,,,,
503,3615272,160679,24103,20242,20755,23140,23513,20163,4418666,107119,29459,24740,25368,28282,28738,24644,4016969,133899,26781,22491,23061,25711,26126,22403,,,,,,,,,,,,,,,,,,,,,,,,,,,,,
504,3624047,161069,24161,20291,20806,23196,23570,20212,4429391,107379,29531,24800,25429,28351,28808,24704,4026719,134224,26846,22545,23117,25773,26189,22458,,,,,,,,,,,,,,,,,,,,,,,,,,,,,
505,3632822,161459,24220,20340,20856,23252,23627,20261,4440116,107639,29602,24860,25491,28419,28878,24763,4036469,134549,26911,22600,23173,25836,26252,22512,,,,,,,,,,,,,,,,,,,,,,,,,,,,,
506,3641597,161849,24278,20389,20906,23308,23684,20310,4450841,107899,29674,24920,25552,28488,28947,24823,4046219,134874,26976,22654,23229,25898,26316,22567,,,,,,,,,,,,,,,,,,,,,,,,,,,,,
507,3650372,162239,24337,20438,20957,23364,23741,20359,4461566,108159,29745,24980,25614,28556,29017,24883,4055969,135199,27041,22709,23285,25960,26379,22621,,,,,,,,,,,,,,,,,,,,,,,,,,,,,
508,3659147,162629,24395,20487,21007,23421,23798,20408,4472291,108419,29817,25040,25675,28625,29087,24943,4065719,135524,27106,22764,23341,26023,26443,22675,,,,,,,,,,,,,,,,,,,,,,,,,,,,,
509,3667922,163019,24454,20536,21058,23477,23855,20457,4483016,108679,29888,25100,25737,28694,29157,25003,4075469,135849,27171,22818,23397,26085,26506,22730,,,,,,,,,,,,,,,,,,,,,,,,,,,,,
510,3676697,163409,24512,20585,21108,23533,23912,20506,4493741,108939,29960,25160,25799,28762,29226,25062,4085219,136174,27236,22873,23453,26148,26569,22784,,,,,,,,,,,,,,,,,,,,,,,,,,,,,
511,3685472,163799,24571,20635,21158,23589,23970,20555,4504466,109199,30031,25220,25860,28831,29296,25122,4094969,136499,27301,22927,23509,26210,26633,22838,,,,,,,,,,,,,,,,,,,,,,,,,,,,,
512,3694247,164189,24629,20684,21209,23645,24027,20604,4515191,109459,30103,25280,25922,28900,29366,25182,4104719,136824,27366,22982,23565,26272,26696,22893,,,,,,,,,,,,,,,,,,,,,,,,,,,,,
513,3703022,164579,24688,20733,21259,23701,24084,20652,4525916,109719,30174,25340,25983,28968,29436,25242,4114469,137149,27431,23037,23621,26335,26760,22947,,,,,,,,,,,,,,,,,,,,,,,,,,,,,
514,3711797,164969,24746,20782,21309,23758,24141,20701,4536641,109979,30246,25400,26045,29037,29505,25302,4124219,137474,27496,23091,23677,26397,26823,23002,,,,,,,,,,,,,,,,,,,,,,,,,,,,,
515,3720572,165359,24805,20831,21360,23814,24198,20750,4547366,110239,30317,25460,26106,29106,29575,25362,4133969,137799,27561,23146,23733,26460,26886,23056,,,,,,,,,,,,,,,,,,,,,,,,,,,,,
516,3729347,165749,24863,20880,21410,23870,24255,20799,4558091,110499,30389,25520,26168,29174,29645,25421,4143719,138124,27626,23200,23789,26522,26950,23110,,,,,,,,,,,,,,,,,,,,,,,,,,,,,
517,3738122,166139,24922,20929,21461,23926,24312,20848,4568816,110759,30460,25580,26230,29243,29715,25481,4153469,138449,27691,23255,23845,26584,27013,23165,,,,,,,,,,,,,,,,,,,,,,,,,,,,,
518,3746897,166529,24980,20979,21511,23982,24369,20897,4579541,111019,30532,25640,26291,29312,29784,25541,4163219,138774,27756,23309,23901,26647,27077,23219,,,,,,,,,,,,,,,,,,,,,,,,,,,,,
519,3755672,166919,25039,21028,21561,24038,24426,20946,4590266,111279,30603,25700,26353,29380,29854,25601,4172969,139099,27821,23364,23957,26709,27140,23273,,,,,,,,,,,,,,,,,,,,,,,,,,,,,
520,3764447,167309,25097,21077,21612,24095,24483,20995,4600991,111539,30675,25761,26414,29449,29924,25661,4182719,139424,27886,23419,24013,26772,27203,23328,,,,,,,,,,,,,,,,,,,,,,,,,,,,,
521,3952670,175674,26352,22130,22692,25299,25707,22045,4831041,117116,32208,27048,27735,30921,31420,26943,4391855,146395,29280,24589,25213,28110,28563,24494,,,,,,,,,,,,,,,,,,,,,,,,,,,,,
522,3962120,176094,26415,22183,22746,25359,25768,22097,4842591,117396,32285,27113,27801,30995,31495,27008,4402355,146745,29350,24648,25274,28177,28632,24552,,,,,,,,,,,,,,,,,,,,,,,,,,,,,
523,3971570,176514,26478,22236,22801,25420,25830,22150,4854141,117676,32362,27178,27867,31069,31570,27072,4412855,147095,29420,24707,25334,28244,28700,24611,,,,,,,,,,,,,,,,,,,,,,,,,,,,,
524,3981020,176934,26541,22289,22855,25480,25891,22203,4865691,117956,32439,27242,27934,31143,31645,27137,4423355,147445,29490,24766,25394,28312,28768,24670,,,,,,,,,,,,,,,,,,,,,,,,,,,,,
525,3990470,177354,26604,22342,22909,25541,25953,22255,4877241,118236,32516,27307,28000,31217,31720,27201,4433855,147795,29560,24824,25454,28379,28837,24728,,,,,,,,,,,,,,,,,,,,,,,,,,,,,
526,3999920,177774,26667,22395,22963,25601,26014,22308,4888791,118516,32593,27372,28066,31291,31795,27265,4444355,148145,29630,24883,25515,28446,28905,24787,,,,,,,,,,,,,,,,,,,,,,,,,,,,,
527,4009370,178194,26730,22448,23018,25662,26076,22361,4900341,118796,32670,27436,28133,31365,31870,27330,4454855,148495,29700,24942,25575,28513,28973,24845,,,,,,,,,,,,,,,,,,,,,,,,,,,,,
528,4018820,178614,26793,22501,23072,25722,26137,22413,4911891,119076,32747,27501,28199,31438,31946,27394,4465355,148845,29770,25001,25635,28580,29041,24904,,,,,,,,,,,,,,,,,,,,,,,,,,,,,
529,4028270,179034,26856,22554,23126,25783,26199,22466,4923441,119356,32824,27566,28265,31512,32021,27459,4475855,149195,29840,25060,25696,28648,29110,24962,,,,,,,,,,,,,,,,,,,,,,,,,,,,,
530,4037720,179454,26919,22607,23180,25843,26260,22519,4934991,119636,32901,27630,28331,31586,32096,27523,4486355,149545,29910,25118,25756,28715,29178,25021,,,,,,,,,,,,,,,,,,,,,,,,,,,,,
531,4047170,179874,26982,22659,23235,25904,26322,22572,4946541,119916,32978,27695,28398,31660,32171,27587,4496855,149895,29980,25177,25816,28782,29246,25080,,,,,,,,,,,,,,,,,,,,,,,,,,,,,
532,4056620,180294,27045,22712,23289,25964,26383,22624,4958091,120196,33055,27760,28464,31734,32246,27652,4507355,150245,30050,25236,25876,28849,29315,25138,,,,,,,,,,,,,,,,,,,,,,,,,,,,,
533,4066070,180714,27108,22765,23343,26025,26445,22677,4969641,120476,33132,27824,28530,31808,32321,27716,4517855,150595,30120,25295,25937,28916,29383,25197,,,,,,,,,,,,,,,,,,,,,,,,,,,,,
534,4075520,181134,27171,22818,23397,26085,26506,22730,4981191,120756,33209,27889,28597,31882,32396,27781,4528355,150945,30190,25354,25997,28984,29451,25255,,,,,,,,,,,,,,,,,,,,,,,,,,,,,
535,4084970,181554,27234,22871,23452,26146,26567,22782,4992741,121036,33286,27954,28663,31956,32471,27845,4538855,151295,30260,25412,26057,29051,29519,25314,,,,,,,,,,,,,,,,,,,,,,,,,,,,,
536,4094420,181974,27297,22924,23506,26206,26629,22835,5004291,121316,33363,28018,28729,32030,32546,27910,4549355,151645,30330,25471,26118,29118,29588,25372,,,,,,,,,,,,,,,,,,,,,,,,,,,,,
537,4103870,182394,27360,22977,23560,26267,26690,22888,5015841,121596,33440,28083,28796,32104,32622,27974,4559855,151995,30400,25530,26178,29185,29656,25431,,,,,,,,,,,,,,,,,,,,,,,,,,,,,
538,4113320,182814,27423,23030,23614,26327,26752,22940,5027391,121876,33517,28148,28862,32178,32697,28038,4570355,152345,30470,25589,26238,29252,29724,25489,,,,,,,,,,,,,,,,,,,,,,,,,,,,,
539,4122770,183234,27486,23083,23669,26388,26813,22993,5038941,122156,33594,28212,28928,32252,32772,28103,4580855,152695,30540,25647,26298,29320,29793,25548,,,,,,,,,,,,,,,,,,,,,,,,,,,,,
540,4132220,183654,27549,23136,23723,26448,26875,23046,5050491,122436,33671,28277,28994,32326,32847,28167,4591355,153045,30610,25706,26359,29387,29861,25607,,,,,,,,,,,,,,,,,,,,,,,,,,,,,
541,4338831,192836,28927,24293,24909,27771,28219,24199,5303015,128558,35355,29691,30445,33942,34490,29576,4820923,160697,32141,26992,27677,30857,31354,26887,,,,,,,,,,,,,,,,,,,,,,,,,,,,,
542,4348281,193256,28990,24346,24964,27831,28280,24251,5314565,128838,35432,29756,30511,34016,34565,29640,4831423,161047,32211,27051,27737,30924,31423,26946,,,,,,,,,,,,,,,,,,,,,,,,,,,,,
543,4357731,193676,29053,24399,25018,27892,28342,24304,5326115,129118,35509,29821,30577,34090,34640,29705,4841923,161397,32281,27110,27798,30991,31491,27004,,,,,,,,,,,,,,,,,,,,,,,,,,,,,
544,4367181,194096,29116,24452,25072,27952,28403,24357,5337665,129398,35586,29885,30644,34164,34715,29769,4852423,161747,32351,27168,27858,31058,31559,27063,,,,,,,,,,,,,,,,,,,,,,,,,,,,,
545,4376631,194516,29179,24504,25126,28013,28465,24409,5349215,129678,35663,29950,30710,34238,34790,29834,4862923,162097,32421,27227,27918,31125,31627,27121,,,,,,,,,,,,,,,,,,,,,,,,,,,,,
546,4386081,194936,29242,24557,25181,28073,28526,24462,5360765,129958,35740,30015,30776,34312,34865,29898,4873423,162447,32491,27286,27978,31193,31696,27180,,,,,,,,,,,,,,,,,,,,,,,,,,,,,
547,4395531,195356,29305,24610,25235,28134,28588,24515,5372315,130238,35817,30079,30843,34386,34940,29962,4883923,162797,32561,27345,28039,31260,31764,27239,,,,,,,,,,,,,,,,,,,,,,,,,,,,,
548,4404981,195776,29368,24663,25289,28194,28649,24567,5383865,130518,35894,30144,30909,34460,35016,30027,4894423,163147,32631,27403,28099,31327,31832,27297,,,,,,,,,,,,,,,,,,,,,,,,,,,,,
549,4414431,196196,29431,24716,25343,28255,28711,24620,5395415,130798,35971,30209,30975,34534,35091,30091,4904923,163497,32701,27462,28159,31394,31901,27356,,,,,,,,,,,,,,,,,,,,,,,,,,,,,
550,4423881,196616,29494,24769,25398,28315,28772,24673,5406965,131078,36048,30273,31041,34608,35166,30156,4915423,163847,32771,27521,28219,31461,31969,27414,,,,,,,,,,,,,,,,,,,,,,,,,,,,,
551,4433331,197036,29557,24822,25452,28376,28833,24726,5418515,131358,36125,30338,31108,34682,35241,30220,4925923,164197,32841,27580,28280,31529,32037,27473,,,,,,,,,,,,,,,,,,,,,,,,,,,,,
552,4442781,197456,29620,24875,25506,28436,28895,24778,5430065,131638,36202,30402,31174,34755,35316,30285,4936423,164547,32911,27639,28340,31596,32105,27531,,,,,,,,,,,,,,,,,,,,,,,,,,,,,
553,4452231,197876,29683,24928,25560,28497,28956,24831,5441615,131918,36279,30467,31240,34829,35391,30349,4946923,164897,32981,27697,28400,31663,32174,27590,,,,,,,,,,,,,,,,,,,,,,,,,,,,,
554,4461681,198296,29746,24981,25615,28557,29018,24884,5453165,132198,36356,30532,31307,34903,35466,30413,4957423,165247,33051,27756,28461,31730,32242,27649,,,,,,,,,,,,,,,,,,,,,,,,,,,,,
555,4471131,198716,29809,25033,25669,28618,29079,24936,5464715,132478,36433,30596,31373,34977,35541,30478,4967923,165597,33121,27815,28521,31797,32310,27707,,,,,,,,,,,,,,,,,,,,,,,,,,,,,
556,4480581,199136,29872,25086,25723,28678,29141,24989,5476265,132758,36510,30661,31439,35051,35616,30542,4978423,165947,33191,27874,28581,31865,32379,27766,,,,,,,,,,,,,,,,,,,,,,,,,,,,,
557,4490031,199556,29935,25139,25777,28739,29202,25042,5487815,133038,36587,30726,31506,35125,35692,30607,4988923,166297,33261,27933,28641,31932,32447,27824,,,,,,,,,,,,,,,,,,,,,,,,,,,,,
558,4499481,199976,29998,25192,25832,28799,29264,25094,5499365,133318,36664,30790,31572,35199,35767,30671,4999423,166647,33331,27991,28702,31999,32515,27883,,,,,,,,,,,,,,,,,,,,,,,,,,,,,
559,4508931,200396,30061,25245,25886,28860,29325,25147,5510915,133598,36741,30855,31638,35273,35842,30735,5009923,166997,33401,28050,28762,32066,32583,27941,,,,,,,,,,,,,,,,,,,,,,,,,,,,,
560,4518381,200816,30124,25298,25940,28920,29387,25200,5522465,133878,36818,30920,31704,35347,35917,30800,5020423,167347,33471,28109,28822,32133,32652,28000,,,,,,,,,,,,,,,,,,,,,,,,,,,,,
561,4744300,210857,31631,26563,27237,30367,30856,26460,5798588,140571,38660,32466,33290,37115,37713,32340,5271444,175714,35145,29515,30264,33741,34285,29400,,,,,,,,,,,,,,,,,,,,,,,,,,,,,
562,4754425,211307,31698,26620,27296,30431,30922,26517,5810963,140871,38742,32536,33361,37194,37794,32409,5282694,176089,35220,29578,30328,33813,34358,29463,,,,,,,,,,,,,,,,,,,,,,,,,,,,,
563,4764550,211757,31766,26677,27354,30496,30988,26573,5823338,141171,38825,32605,33432,37273,37874,32478,5293944,176464,35295,29641,30393,33885,34431,29526,,,,,,,,,,,,,,,,,,,,,,,,,,,,,
564,4774675,212207,31833,26733,27412,30561,31054,26630,5835713,141471,38907,32674,33503,37352,37955,32547,5305194,176839,35370,29704,30458,33957,34504,29588,,,,,,,,,,,,,,,,,,,,,,,,,,,,,
565,4784800,212657,31901,26790,27470,30626,31120,26686,5848088,141771,38990,32743,33574,37431,38035,32616,5316444,177214,35445,29767,30522,34029,34577,29651,,,,,,,,,,,,,,,,,,,,,,,,,,,,,
566,4794925,213107,31968,26847,27528,30691,31186,26743,5860463,142071,39072,32813,33645,37511,38116,32685,5327694,177589,35520,29830,30587,34101,34651,29714,,,,,,,,,,,,,,,,,,,,,,,,,,,,,
567,4805050,213557,32036,26903,27586,30755,31251,26799,5872838,142371,39155,32882,33716,37590,38196,32754,5338944,177964,35595,29893,30651,34173,34724,29777,,,,,,,,,,,,,,,,,,,,,,,,,,,,,
568,4815175,214007,32103,26960,27644,30820,31317,26855,5885213,142671,39237,32951,33787,37669,38277,32823,5350194,178339,35670,29956,30716,34245,34797,29839,,,,,,,,,,,,,,,,,,,,,,,,,,,,,
569,4825300,214457,32171,27017,27702,30885,31383,26912,5897588,142971,39320,33020,33858,37748,38357,32892,5361444,178714,35745,30019,30780,34317,34870,29902,,,,,,,,,,,,,,,,,,,,,,,,,,,,,
570,4835425,214907,32238,27073,27761,30950,31449,26968,5909963,143271,39402,33090,33930,37827,38438,32961,5372694,179089,35820,30082,30845,34389,34943,29965,,,,,,,,,,,,,,,,,,,,,,,,,,,,,
571,4845550,215357,32306,27130,27819,31015,31515,27025,5922338,143571,39485,33159,34001,37907,38518,33030,5383944,179464,35895,30145,30910,34461,35016,30028,,,,,,,,,,,,,,,,,,,,,,,,,,,,,
572,4855675,215807,32373,27187,27877,31079,31581,27081,5934713,143871,39567,33228,34072,37986,38599,33099,5395194,179839,35970,30208,30974,34533,35090,30090,,,,,,,,,,,,,,,,,,,,,,,,,,,,,
573,4865800,216257,32441,27244,27935,31144,31647,27138,5947088,144171,39650,33298,34143,38065,38679,33168,5406444,180214,36045,30271,31039,34605,35163,30153,,,,,,,,,,,,,,,,,,,,,,,,,,,,,
574,4875925,216707,32508,27300,27993,31209,31712,27194,5959463,144471,39732,33367,34214,38144,38760,33237,5417694,180589,36120,30334,31103,34677,35236,30216,,,,,,,,,,,,,,,,,,,,,,,,,,,,,
575,4886050,217157,32576,27357,28051,31274,31778,27251,5971838,144771,39815,33436,34285,38224,38840,33306,5428944,180964,36195,30397,31168,34749,35309,30279,,,,,,,,,,,,,,,,,,,,,,,,,,,,,
576,4896175,217607,32643,27414,28109,31339,31844,27307,5984213,145071,39897,33505,34356,38303,38921,33375,5440194,181339,36270,30460,31233,34821,35382,30341,,,,,,,,,,,,,,,,,,,,,,,,,,,,,
577,4906300,218057,32711,27470,28167,31403,31910,27364,5996588,145371,39980,33575,34427,38382,39001,33444,5451444,181714,36345,30523,31297,34893,35455,30404,,,,,,,,,,,,,,,,,,,,,,,,,,,,,
578,4916425,218507,32778,27527,28226,31468,31976,27420,6008963,145671,40062,33644,34498,38461,39081,33514,5462694,182089,36420,30585,31362,34965,35529,30467,,,,,,,,,,,,,,,,,,,,,,,,,,,,,
579,4926550,218957,32846,27584,28284,31533,32042,27477,6021338,145971,40145,33713,34569,38540,39162,33583,5473944,182464,36495,30648,31426,35037,35602,30530,,,,,,,,,,,,,,,,,,,,,,,,,,,,,
580,4936675,219407,32913,27640,28342,31598,32107,27533,6033713,146271,40227,33783,34640,38620,39242,33652,5485194,182839,36570,30711,31491,35109,35675,30592,,,,,,,,,,,,,,,,,,,,,,,,,,,,,
581,5183509,230377,34559,29023,29759,33178,33713,28910,6335399,153585,42239,35472,36372,40551,41205,35335,5759454,191981,38399,32247,33066,36865,37459,32122,,,,,,,,,,,,,,,,,,,,,,,,,,,,,
582,5193634,230827,34627,29079,29817,33243,33779,28967,6347774,153885,42321,35541,36443,40630,41286,35404,5770704,192356,38474,32310,33130,36937,37532,32185,,,,,,,,,,,,,,,,,,,,,,,,,,,,,
583,5203759,231277,34694,29136,29875,33308,33845,29023,6360149,154185,42404,35611,36514,40709,41366,35473,5781954,192731,38549,32373,33195,37009,37605,32248,,,,,,,,,,,,,,,,,,,,,,,,,,,,,
584,5213884,231727,34762,29193,29934,33373,33911,29080,6372524,154485,42486,35680,36586,40789,41447,35542,5793204,193106,38624,32436,33260,37081,37679,32311,,,,,,,,,,,,,,,,,,,,,,,,,,,,,
585,5224009,232177,34829,29249,29992,33437,33977,29136,6384899,154785,42569,35749,36657,40868,41527,35611,5804454,193481,38699,32499,33324,37153,37752,32373,,,,,,,,,,,,,,,,,,,,,,,,,,,,,
586,5234134,232627,34897,29306,30050,33502,34042,29192,6397274,155085,42651,35819,36728,40947,41607,35680,5815704,193856,38774,32562,33389,37225,37825,32436,,,,,,,,,,,,,,,,,,,,,,,,,,,,,
587,5244259,233077,34964,29363,30108,33567,34108,29249,6409649,155385,42734,35888,36799,41026,41688,35749,5826954,194231,38849,32625,33453,37297,37898,32499,,,,,,,,,,,,,,,,,,,,,,,,,,,,,
588,5254384,233527,35032,29420,30166,33632,34174,29305,6422024,155685,42816,35957,36870,41105,41768,35818,5838204,194606,38924,32688,33518,37369,37971,32562,,,,,,,,,,,,,,,,,,,,,,,,,,,,,
589,5264509,233977,35099,29476,30224,33697,34240,29362,6434399,155985,42899,36026,36941,41185,41849,35887,5849454,194981,38999,32751,33582,37441,38044,32624,,,,,,,,,,,,,,,,,,,,,,,,,,,,,
590,5274634,234427,35167,29533,30282,33761,34306,29418,6446774,156285,42981,36096,37012,41264,41929,35956,5860704,195356,39074,32814,33647,37513,38118,32687,,,,,,,,,,,,,,,,,,,,,,,,,,,,,
591,5284759,234877,35234,29590,30340,33826,34372,29475,6459149,156585,43064,36165,37083,41343,42010,36025,5871954,195731,39149,32877,33712,37585,38191,32750,,,,,,,,,,,,,,,,,,,,,,,,,,,,,
592,5294884,235327,35302,29646,30399,33891,34438,29531,6471524,156885,43146,36234,37154,41422,42090,36094,5883204,196106,39224,32940,33776,37657,38264,32812,,,,,,,,,,,,,,,,,,,,,,,,,,,,,
593,5305009,235777,35369,29703,30457,33956,34503,29588,6483899,157185,43229,36304,37225,41501,42171,36163,5894454,196481,39299,33003,33841,37729,38337,32875,,,,,,,,,,,,,,,,,,,,,,,,,,,,,
594,5315134,236227,35437,29760,30515,34021,34569,29644,6496274,157485,43311,36373,37296,41581,42251,36232,5905704,196856,39374,33066,33905,37801,38410,32938,,,,,,,,,,,,,,,,,,,,,,,,,,,,,
595,5325259,236677,35504,29816,30573,34085,34635,29701,6508649,157785,43394,36442,37367,41660,42332,36301,5916954,197231,39449,33129,33970,37873,38483,33001,,,,,,,,,,,,,,,,,,,,,,,,,,,,,
596,5335384,237127,35572,29873,30631,34150,34701,29757,6521024,158085,43476,36511,37438,41739,42412,36370,5928204,197606,39524,33192,34035,37945,38557,33063,,,,,,,,,,,,,,,,,,,,,,,,,,,,,
597,5345509,237577,35639,29930,30689,34215,34767,29814,6533399,158385,43559,36581,37509,41818,42493,36439,5939454,197981,39599,33255,34099,38017,38630,33126,,,,,,,,,,,,,,,,,,,,,,,,,,,,,
598,5355634,238027,35707,29986,30747,34280,34833,29870,6545774,158685,43641,36650,37580,41897,42573,36508,5950704,198356,39674,33318,34164,38089,38703,33189,,,,,,,,,,,,,,,,,,,,,,,,,,,,,
599,5365759,238477,35774,30043,30805,34345,34899,29927,6558149,158985,43724,36719,37651,41977,42654,36577,5961954,198731,39749,33381,34228,38161,38776,33252,,,,,,,,,,,,,,,,,,,,,,,,,,,,,
600,5375884,238927,35842,30100,30864,34409,34964,29983,6570524,159285,43806,36789,37722,42056,42734,36646,5973204,199106,39824,33444,34293,38233,38849,33314,,,,,,,,,,,,,,,,,,,,,,,,,,,,,
601,5644678,250873,37634,31605,32407,36130,36712,31482,6899050,167249,45997,38628,39608,44158,44871,38478,6271864,209061,41815,35116,36007,40144,40792,34980,,,,,,,,,,,,,,,,,,,,,,,,,,,,,
602,5655478,251353,37706,31665,32469,36199,36783,31542,6912250,167569,46085,38702,39684,44243,44957,38552,6283864,209461,41895,35183,36076,40221,40870,35047,,,,,,,,,,,,,,,,,,,,,,,,,,,,,
603,5666278,251833,37778,31726,32531,36268,36853,31602,6925450,167889,46173,38776,39760,44327,45042,38625,6295864,209861,41975,35251,36145,40298,40948,35114,,,,,,,,,,,,,,,,,,,,,,,,,,,,,
604,5677078,252313,37850,31786,32593,36337,36923,31663,6938650,168209,46261,38850,39835,44412,45128,38699,6307864,210261,42055,35318,36214,40374,41026,35181,,,,,,,,,,,,,,,,,,,,,,,,,,,,,
605,5687878,252793,37922,31846,32655,36406,36993,31723,6951850,168529,46349,38923,39911,44496,45214,38772,6319864,210661,42135,35385,36283,40451,41104,35248,,,,,,,,,,,,,,,,,,,,,,,,,,,,,
606,5698678,253273,37994,31907,32717,36475,37064,31783,6965050,168849,46437,38997,39987,44581,45300,38846,6331864,211061,42215,35452,36352,40528,41182,35315,,,,,,,,,,,,,,,,,,,,,,,,,,,,,
607,5709478,253753,38066,31967,32779,36544,37134,31843,6978250,169169,46525,39071,40063,44665,45386,38920,6343864,211461,42295,35519,36421,40605,41260,35382,,,,,,,,,,,,,,,,,,,,,,,,,,,,,
608,5720278,254233,38138,32028,32841,36614,37204,31904,6991450,169489,46613,39145,40139,44750,45472,38993,6355864,211861,42375,35586,36490,40682,41338,35448,,,,,,,,,,,,,,,,,,,,,,,,,,,,,
609,5731078,254713,38210,32088,32903,36683,37274,31964,7004650,169809,46701,39219,40214,44834,45557,39067,6367864,212261,42455,35654,36558,40758,41416,35515,,,,,,,,,,,,,,,,,,,,,,,,,,,,,
610,5741878,255193,38282,32149,32965,36752,37345,32024,7017850,170129,46789,39293,40290,44919,45643,39141,6379864,212661,42535,35721,36627,40835,41494,35582,,,,,,,,,,,,,,,,,,,,,,,,,,,,,
611,5752678,255673,38354,32209,33027,36821,37415,32084,7031050,170449,46877,39367,40366,45003,45729,39214,6391864,213061,42615,35788,36696,40912,41572,35649,,,,,,,,,,,,,,,,,,,,,,,,,,,,,
612,5763478,256153,38426,32270,33089,36890,37485,32145,7044250,170769,46965,39441,40442,45088,45815,39288,6403864,213461,42695,35855,36765,40989,41650,35716,,,,,,,,,,,,,,,,,,,,,,,,,,,,,
613,5774278,256633,38498,32330,33151,36959,37555,32205,7057450,171089,47053,39515,40517,45172,45901,39361,6415864,213861,42775,35922,36834,41066,41728,35783,,,,,,,,,,,,,,,,,,,,,,,,,,,,,
614,5785078,257113,38570,32391,33213,37028,37625,32265,7070650,171409,47141,39589,40593,45257,45987,39435,6427864,214261,42855,35990,36903,41143,41806,35850,,,,,,,,,,,,,,,,,,,,,,,,,,,,,
615,5795878,257593,38642,32451,33275,37097,37696,32325,7083850,171729,47229,39662,40669,45341,46073,39509,6439864,214661,42935,36057,36972,41219,41884,35917,,,,,,,,,,,,,,,,,,,,,,,,,,,,,
616,5806678,258073,38714,32512,33337,37167,37766,32385,7097050,172049,47317,39736,40745,45426,46158,39582,6451864,215061,43015,36124,37041,41296,41962,35984,,,,,,,,,,,,,,,,,,,,,,,,,,,,,
617,5817478,258553,38786,32572,33399,37236,37836,32446,7110250,172369,47405,39810,40821,45510,46244,39656,6463864,215461,43095,36191,37110,41373,42040,36051,,,,,,,,,,,,,,,,,,,,,,,,,,,,,
618,5828278,259033,38858,32633,33461,37305,37906,32506,7123450,172689,47493,39884,40896,45595,46330,39729,6475864,215861,43175,36258,37178,41450,42118,36118,,,,,,,,,,,,,,,,,,,,,,,,,,,,,
619,5839078,259513,38930,32693,33523,37374,37977,32566,7136650,173009,47581,39958,40972,45679,46416,39803,6487864,216261,43255,36326,37247,41527,42196,36185,,,,,,,,,,,,,,,,,,,,,,,,,,,,,
620,5849878,259993,39002,32753,33585,37443,38047,32626,7149850,173329,47669,40032,41048,45764,46502,39877,6499864,216661,43335,36393,37316,41603,42274,36252,,,,,,,,,,,,,,,,,,,,,,,,,,,,,
621,6142371,272993,40952,34391,35264,39315,39949,34258,7507343,181995,50052,42034,43101,48052,48827,41871,6824857,227494,45502,38213,39182,43684,44388,38064,,,,,,,,,,,,,,,,,,,,,,,,,,,,,
622,6153171,273473,41024,34452,35326,39384,40020,34318,7520543,182315,50140,42108,43176,48137,48913,41944,6836857,227894,45582,38280,39251,43761,44466,38131,,,,,,,,,,,,,,,,,,,,,,,,,,,,,
623,6163971,273953,41096,34512,35388,39454,40090,34378,7533743,182635,50228,42182,43252,48221,48999,42018,6848857,228294,45662,38347,39320,43837,44544,38198,,,,,,,,,,,,,,,,,,,,,,,,,,,,,
624,6174771,274433,41168,34573,35450,39523,40160,34439,7546943,182955,50316,42256,43328,48306,49085,42092,6860857,228694,45742,38414,39389,43914,44622,38265,,,,,,,,,,,,,,,,,,,,,,,,,,,,,
625,6185571,274913,41240,34633,35512,39592,40230,34499,7560143,183275,50404,42329,43404,48390,49171,42165,6872857,229094,45822,38481,39458,43991,44700,38332,,,,,,,,,,,,,,,,,,,,,,,,,,,,,
626,6196371,275393,41312,34694,35574,39661,40301,34559,7573343,183595,50492,42403,43479,48475,49256,42239,6884857,229494,45902,38548,39527,44068,44779,38399,,,,,,,,,,,,,,,,,,,,,,,,,,,,,
627,6207171,275873,41384,34754,35636,39730,40371,34619,7586543,183915,50580,42477,43555,48559,49342,42312,6896857,229894,45982,38616,39596,44145,44857,38466,,,,,,,,,,,,,,,,,,,,,,,,,,,,,
628,6217971,276353,41456,34815,35698,39799,40441,34679,7599743,184235,50668,42551,43631,48643,49428,42386,6908857,230294,46062,38683,39665,44221,44935,38533,,,,,,,,,,,,,,,,,,,,,,,,,,,,,
629,6228771,276833,41528,34875,35760,39868,40511,34740,7612943,184555,50756,42625,43707,48728,49514,42460,6920857,230694,46142,38750,39733,44298,45013,38600,,,,,,,,,,,,,,,,,,,,,,,,,,,,,
630,6239571,277313,41600,34935,35822,39937,40582,34800,7626143,184875,50844,42699,43783,48812,49600,42533,6932857,231094,46222,38817,39802,44375,45091,38667,,,,,,,,,,,,,,,,,,,,,,,,,,,,,
631,6250371,277793,41672,34996,35884,40007,40652,34860,7639343,185195,50932,42773,43858,48897,49686,42607,6944857,231494,46302,38884,39871,44452,45169,38734,,,,,,,,,,,,,,,,,,,,,,,,,,,,,
632,6261171,278273,41744,35056,35946,40076,40722,34920,7652543,185515,51020,42847,43934,48981,49771,42680,6956857,231894,46382,38952,39940,44529,45247,38800,,,,,,,,,,,,,,,,,,,,,,,,,,,,,
633,6271971,278753,41816,35117,36008,40145,40792,34981,7665743,185835,51108,42921,44010,49066,49857,42754,6968857,232294,46462,39019,40009,44605,45325,38867,,,,,,,,,,,,,,,,,,,,,,,,,,,,,
634,6282771,279233,41888,35177,36070,40214,40863,35041,7678943,186155,51196,42995,44086,49150,49943,42828,6980857,232694,46542,39086,40078,44682,45403,38934,,,,,,,,,,,,,,,,,,,,,,,,,,,,,
635,6293571,279713,41960,35238,36132,40283,40933,35101,7692143,186475,51284,43068,44161,49235,50029,42901,6992857,233094,46622,39153,40147,44759,45481,39001,,,,,,,,,,,,,,,,,,,,,,,,,,,,,
636,6304371,280193,42032,35298,36194,40352,41003,35161,7705343,186795,51372,43142,44237,49319,50115,42975,7004857,233494,46702,39220,40216,44836,45559,39068,,,,,,,,,,,,,,,,,,,,,,,,,,,,,
637,6315171,280673,42104,35359,36256,40421,41073,35222,7718543,187115,51460,43216,44313,49404,50201,43049,7016857,233894,46782,39287,40285,44913,45637,39135,,,,,,,,,,,,,,,,,,,,,,,,,,,,,
638,6325971,281153,42176,35419,36318,40490,41144,35282,7731743,187435,51548,43290,44389,49488,50287,43122,7028857,234294,46862,39355,40353,44989,45715,39202,,,,,,,,,,,,,,,,,,,,,,,,,,,,,
639,6336771,281633,42248,35480,36380,40560,41214,35342,7744943,187755,51636,43364,44465,49573,50372,43196,7040857,234694,46942,39422,40422,45066,45793,39269,,,,,,,,,,,,,,,,,,,,,,,,,,,,,
640,6347571,282113,42320,35540,36442,40629,41284,35402,7758143,188075,51724,43438,44540,49657,50458,43269,7052857,235094,47022,39489,40491,45143,45871,39336,,,,,,,,,,,,,,,,,,,,,,,,,,,,,
641,6664950,296219,44436,37317,38264,42660,43348,37172,8146050,197479,54310,45610,46767,52140,52981,45433,7405500,246849,49373,41463,42516,47400,48165,41303,,,,,,,,,,,,,,,,,,,,,,,,,,,,,
642,6676425,296729,44512,37381,38330,42733,43423,37236,8160075,197819,54404,45688,46848,52230,53072,45511,7418250,247274,49458,41535,42589,47482,48247,41374,,,,,,,,,,,,,,,,,,,,,,,,,,,,,
643,6687900,297239,44589,37446,38396,42807,43497,37300,8174100,198159,54497,45767,46928,52320,53163,45589,7431000,247699,49543,41606,42662,47563,48330,41445,,,,,,,,,,,,,,,,,,,,,,,,,,,,,
644,6699375,297749,44665,37510,38462,42880,43572,37364,8188125,198499,54591,45845,47009,52409,53255,45667,7443750,248124,49628,41678,42735,47645,48413,41516,,,,,,,,,,,,,,,,,,,,,,,,,,,,,
645,6710850,298259,44742,37574,38528,42954,43647,37428,8202150,198839,54684,45924,47089,52499,53346,45746,7456500,248549,49713,41749,42808,47726,48496,41587,,,,,,,,,,,,,,,,,,,,,,,,,,,,,
646,6722325,298769,44818,37638,38593,43027,43721,37492,8216175,199179,54778,46002,47170,52589,53437,45824,7469250,248974,49798,41820,42882,47808,48579,41658,,,,,,,,,,,,,,,,,,,,,,,,,,,,,
647,6733800,299279,44895,37703,38659,43101,43796,37556,8230200,199519,54871,46081,47250,52679,53528,45902,7482000,249399,49883,41892,42955,47890,48662,41729,,,,,,,,,,,,,,,,,,,,,,,,,,,,,
648,6745275,299789,44971,37767,38725,43174,43871,37620,8244225,199859,54965,46159,47331,52768,53620,45980,7494750,249824,49968,41963,43028,47971,48745,41800,,,,,,,,,,,,,,,,,,,,,,,,,,,,,
649,6756750,300299,45048,37831,38791,43248,43945,37684,8258250,200199,55058,46238,47411,52858,53711,46059,7507500,250249,50053,42034,43101,48053,48828,41871,,,,,,,,,,,,,,,,,,,,,,,,,,,,,
650,6768225,300809,45124,37895,38857,43321,44020,37748,8272275,200539,55152,46316,47492,52948,53802,46137,7520250,250674,50138,42106,43174,48134,48911,41942,,,,,,,,,,,,,,,,,,,,,,,,,,,,,
651,6779700,301319,45201,37960,38923,43394,44094,37812,8286300,200879,55245,46395,47572,53038,53893,46215,7533000,251099,50223,42177,43248,48216,48994,42014,,,,,,,,,,,,,,,,,,,,,,,,,,,,,
652,6791175,301829,45277,38024,38989,43468,44169,37876,8300325,201219,55339,46473,47653,53127,53984,46293,7545750,251524,50308,42249,43321,48298,49077,42085,,,,,,,,,,,,,,,,,,,,,,,,,,,,,
653,6802650,302339,45354,38088,39055,43541,44244,37940,8314350,201559,55432,46552,47733,53217,54076,46371,7558500,251949,50393,42320,43394,48379,49160,42156,,,,,,,,,,,,,,,,,,,,,,,,,,,,,
654,6814125,302849,45430,38152,39120,43615,44318,38004,8328375,201899,55526,46631,47814,53307,54167,46450,7571250,252374,50478,42391,43467,48461,49243,42227,,,,,,,,,,,,,,,,,,,,,,,,,,,,,
655,6825600,303359,45507,38216,39186,43688,44393,38068,8342400,202239,55619,46709,47894,53397,54258,46528,7584000,252799,50563,42463,43540,48543,49325,42298,,,,,,,,,,,,,,,,,,,,,,,,,,,,,
656,6837075,303869,45583,38281,39252,43762,44468,38132,8356425,202579,55713,46788,47975,53487,54349,46606,7596750,253224,50648,42534,43614,48624,49408,42369,,,,,,,,,,,,,,,,,,,,,,,,,,,,,
657,6848550,304379,45660,38345,39318,43835,44542,38196,8370450,202919,55806,46866,48055,53576,54440,46684,7609500,253649,50733,42606,43687,48706,49491,42440,,,,,,,,,,,,,,,,,,,,,,,,,,,,,
658,6860025,304889,45736,38409,39384,43909,44617,38260,8384475,203259,55900,46945,48136,53666,54532,46762,7622250,254074,50818,42677,43760,48787,49574,42511,,,,,,,,,,,,,,,,,,,,,,,,,,,,,
659,6871500,305399,45813,38473,39450,43982,44691,38324,8398500,203599,55993,47023,48216,53756,54623,46841,7635000,254499,50903,42748,43833,48869,49657,42582,,,,,,,,,,,,,,,,,,,,,,,,,,,,,
660,6882975,305909,45889,38538,39516,44055,44766,38388,8412525,203939,56087,47102,48297,53846,54714,46919,7647750,254924,50988,42820,43906,48951,49740,42654,,,,,,,,,,,,,,,,,,,,,,,,,,,,,
661,7227124,321204,48183,40464,41491,46258,47004,40307,8833152,214136,58891,49456,50711,56537,57449,49264,8030138,267670,53537,44960,46101,51398,52227,44786,,,,,,,,,,,,,,,,,,,,,,,,,,,,,
662,7238599,321714,48260,40529,41557,46331,47079,40371,8847177,214476,58984,49535,50792,56627,57541,49343,8042888,268095,53622,45032,46175,51479,52310,44857,,,,,,,,,,,,,,,,,,,,,,,,,,,,,
663,7250074,322224,48336,40593,41623,46405,47153,40435,8861202,214816,59078,49613,50872,56717,57632,49421,8055638,268520,53707,45103,46248,51561,52392,44928,,,,,,,,,,,,,,,,,,,,,,,,,,,,,
664,7261549,322734,48413,40657,41689,46478,47228,40499,8875227,215156,59171,49692,50953,56807,57723,49499,8068388,268945,53792,45174,46321,51642,52475,44999,,,,,,,,,,,,,,,,,,,,,,,,,,,,,
665,7273024,323244,48489,40721,41755,46552,47302,40563,8889252,215496,59265,49770,51033,56896,57814,49577,8081138,269370,53877,45246,46394,51724,52558,45070,,,,,,,,,,,,,,,,,,,,,,,,,,,,,
666,7284499,323754,48566,40786,41821,46625,47377,40627,8903277,215836,59358,49849,51114,56986,57905,49656,8093888,269795,53962,45317,46467,51806,52641,45141,,,,,,,,,,,,,,,,,,,,,,,,,,,,,
667,7295974,324264,48642,40850,41886,46699,47452,40691,8917302,216176,59452,49927,51195,57076,57997,49734,8106638,270220,54047,45389,46540,51887,52724,45213,,,,,,,,,,,,,,,,,,,,,,,,,,,,,
668,7307449,324774,48719,40914,41952,46772,47526,40755,8931327,216516,59545,50006,51275,57166,58088,49812,8119388,270645,54132,45460,46614,51969,52807,45284,,,,,,,,,,,,,,,,,,,,,,,,,,,,,
669,7318924,325284,48795,40978,42018,46845,47601,40819,8945352,216856,59639,50085,51356,57256,58179,49890,8132138,271070,54217,45531,46687,52050,52890,45355,,,,,,,,,,,,,,,,,,,,,,,,,,,,,
670,7330399,325794,48872,41043,42084,46919,47676,40883,8959377,217196,59732,50163,51436,57345,58270,49968,8144888,271495,54302,45603,46760,52132,52973,45426,,,,,,,,,,,,,,,,,,,,,,,,,,,,,
671,7341874,326304,48948,41107,42150,46992,47750,40947,8973402,217536,59826,50242,51517,57435,58361,50047,8157638,271920,54387,45674,46833,52214,53056,45497,,,,,,,,,,,,,,,,,,,,,,,,,,,,,
672,7353349,326814,49025,41171,42216,47066,47825,41011,8987427,217876,59919,50320,51597,57525,58453,50125,8170388,272345,54472,45746,46906,52295,53139,45568,,,,,,,,,,,,,,,,,,,,,,,,,,,,,
673,7364824,327324,49101,41235,42282,47139,47900,41075,9001452,218216,60013,50399,51678,57615,58544,50203,8183138,272770,54557,45817,46980,52377,53222,45639,,,,,,,,,,,,,,,,,,,,,,,,,,,,,
674,7376299,327834,49178,41299,42348,47213,47974,41139,9015477,218556,60106,50477,51758,57704,58635,50281,8195888,273195,54642,45888,47053,52459,53305,45710,,,,,,,,,,,,,,,,,,,,,,,,,,,,,
675,7387774,328344,49254,41364,42413,47286,48049,41203,9029502,218896,60200,50556,51839,57794,58726,50360,8208638,273620,54727,45960,47126,52540,53388,45781,,,,,,,,,,,,,,,,,,,,,,,,,,,,,
676,7399249,328854,49331,41428,42479,47360,48123,41267,9043527,219236,60293,50634,51919,57884,58817,50438,8221388,274045,54812,46031,47199,52622,53470,45852,,,,,,,,,,,,,,,,,,,,,,,,,,,,,
677,7410724,329364,49407,41492,42545,47433,48198,41331,9057552,219576,60387,50713,52000,57974,58909,50516,8234138,274470,54897,46102,47272,52703,53553,45924,,,,,,,,,,,,,,,,,,,,,,,,,,,,,
678,7422199,329874,49484,41556,42611,47506,48273,41395,9071577,219916,60480,50791,52080,58063,59000,50594,8246888,274895,54982,46174,47346,52785,53636,45995,,,,,,,,,,,,,,,,,,,,,,,,,,,,,
679,7433674,330384,49560,41621,42677,47580,48347,41459,9085602,220256,60574,50870,52161,58153,59091,50672,8259638,275320,55067,46245,47419,52867,53719,46066,,,,,,,,,,,,,,,,,,,,,,,,,,,,,
680,7445149,330894,49637,41685,42743,47653,48422,41523,9099627,220596,60667,50948,52241,58243,59182,50751,8272388,275745,55152,46317,47492,52948,53802,46137,,,,,,,,,,,,,,,,,,,,,,,,,,,,,
681,7817406,347438,52119,43770,44880,50036,50843,43600,9554608,231626,63701,53496,54854,61156,62142,53289,8686007,289532,57910,48633,49867,55596,56493,48444,,,,,,,,,,,,,,,,,,,,,,,,,,,,,
682,7829556,347978,52200,43838,44950,50114,50922,43667,9569458,231986,63800,53579,54939,61251,62238,53371,8699507,289982,58000,48708,49944,55682,56580,48519,,,,,,,,,,,,,,,,,,,,,,,,,,,,,
683,7841706,348518,52281,43906,45020,50192,51001,43735,9584308,232346,63899,53662,55024,61346,62335,53454,8713007,290432,58090,48784,50022,55769,56668,48595,,,,,,,,,,,,,,,,,,,,,,,,,,,,,
684,7853856,349058,52362,43974,45090,50270,51080,43803,9599158,232706,63998,53745,55109,61441,62432,53537,8726507,290882,58180,48860,50099,55855,56756,48670,,,,,,,,,,,,,,,,,,,,,,,,,,,,,
685,7866006,349598,52443,44042,45159,50347,51159,43871,9614008,233066,64097,53829,55195,61536,62528,53620,8740007,291332,58270,48935,50177,55942,56844,48745,,,,,,,,,,,,,,,,,,,,,,,,,,,,,
686,7878156,350138,52524,44110,45229,50425,51238,43938,9628858,233426,64196,53912,55280,61631,62625,53703,8753507,291782,58360,49011,50254,56028,56932,48821,,,,,,,,,,,,,,,,,,,,,,,,,,,,,
687,7890306,350678,52605,44178,45299,50503,51317,44006,9643708,233786,64295,53995,55365,61726,62721,53785,8767007,292232,58450,49086,50332,56114,57019,48896,,,,,,,,,,,,,,,,,,,,,,,,,,,,,
688,7902456,351218,52686,44246,45369,50581,51396,44074,9658558,234146,64394,54078,55450,61821,62818,53868,8780507,292682,58540,49162,50409,56201,57107,48971,,,,,,,,,,,,,,,,,,,,,,,,,,,,,
689,7914606,351758,52767,44314,45438,50658,51476,44142,9673408,234506,64493,54161,55536,61916,62915,53951,8794007,293132,58630,49237,50487,56287,57195,49046,,,,,,,,,,,,,,,,,,,,,,,,,,,,,
690,7926756,352298,52848,44382,45508,50736,51555,44210,9688258,234866,64592,54244,55621,62011,63011,54034,8807507,293582,58720,49313,50564,56374,57283,49122,,,,,,,,,,,,,,,,,,,,,,,,,,,,,
691,7938906,352838,52929,44450,45578,50814,51634,44277,9703108,235226,64691,54327,55706,62106,63108,54117,8821007,294032,58810,49389,50642,56460,57371,49197,,,,,,,,,,,,,,,,,,,,,,,,,,,,,
692,7951056,353378,53010,44518,45648,50892,51713,44345,9717958,235586,64790,54411,55791,62201,63204,54199,8834507,294482,58900,49464,50719,56546,57458,49272,,,,,,,,,,,,,,,,,,,,,,,,,,,,,
693,7963206,353918,53091,44586,45717,50969,51792,44413,9732808,235946,64889,54494,55877,62296,63301,54282,8848007,294932,58990,49540,50797,56633,57546,49348,,,,,,,,,,,,,,,,,,,,,,,,,,,,,
694,7975356,354458,53172,44654,45787,51047,51871,44481,9747658,236306,64988,54577,55962,62391,63397,54365,8861507,295382,59080,49615,50874,56719,57634,49423,,,,,,,,,,,,,,,,,,,,,,,,,,,,,
695,7987506,354998,53253,44722,45857,51125,51950,44548,9762508,236666,65087,54660,56047,62486,63494,54448,8875007,295832,59170,49691,50952,56806,57722,49498,,,,,,,,,,,,,,,,,,,,,,,,,,,,,
696,7999656,355538,53334,44790,45927,51203,52029,44616,9777358,237026,65186,54743,56132,62581,63591,54531,8888507,296282,59260,49767,51029,56892,57810,49573,,,,,,,,,,,,,,,,,,,,,,,,,,,,,
697,8011806,356078,53415,44858,45996,51281,52108,44684,9792208,237386,65285,54826,56218,62676,63687,54614,8902007,296732,59350,49842,51107,56978,57897,49649,,,,,,,,,,,,,,,,,,,,,,,,,,,,,
698,8023956,356618,53496,44926,46066,51358,52187,44752,9807058,237746,65384,54909,56303,62771,63784,54696,8915507,297182,59440,49918,51184,57065,57985,49724,,,,,,,,,,,,,,,,,,,,,,,,,,,,,
699,8036106,357158,53577,44994,46136,51436,52266,44819,9821908,238106,65483,54993,56388,62866,63880,54779,8929007,297632,59530,49993,51262,57151,58073,49799,,,,,,,,,,,,,,,,,,,,,,,,,,,,,
700,8048256,357698,53658,45062,46206,51514,52345,44887,9836758,238466,65582,55076,56473,62961,63977,54862,8942507,298082,59620,50069,51339,57238,58161,49875,,,,,,,,,,,,,,,,,,,,,,,,,,,,,
701,8450669,375583,56341,47315,48516,54090,54962,47131,10328595,250389,68861,57830,59297,66109,67176,57605,9389632,312986,62601,52572,53906,60099,61069,52368,,,,,,,,,,,,,,,,,,,,,,,,,,,,,
702,8462819,376123,56422,47383,48586,54167,55041,47199,10343445,250749,68960,57913,59382,66204,67272,57688,9403132,313436,62691,52648,53984,60186,61157,52444,,,,,,,,,,,,,,,,,,,,,,,,,,,,,
703,8474969,376663,56503,47451,48655,54245,55120,47267,10358295,251109,69059,57996,59468,66299,67369,57771,9416632,313886,62781,52723,54061,60272,61244,52519,,,,,,,,,,,,,,,,,,,,,,,,,,,,,
704,8487119,377203,56584,47519,48725,54323,55199,47335,10373145,251469,69158,58079,59553,66395,67465,57854,9430132,314336,62871,52799,54139,60359,61332,52594,,,,,,,,,,,,,,,,,,,,,,,,,,,,,
705,8499269,377743,56665,47587,48795,54401,55278,47403,10387995,251829,69257,58162,59638,66490,67562,57936,9443632,314786,62961,52875,54216,60445,61420,52669,,,,,,,,,,,,,,,,,,,,,,,,,,,,,
706,8511419,378283,56746,47655,48865,54478,55357,47470,10402845,252189,69356,58245,59723,66585,67659,58019,9457132,315236,63051,52950,54294,60531,61508,52745,,,,,,,,,,,,,,,,,,,,,,,,,,,,,
707,8523569,378823,56827,47723,48934,54556,55436,47538,10417695,252549,69455,58328,59809,66680,67755,58102,9470632,315686,63141,53026,54371,60618,61596,52820,,,,,,,,,,,,,,,,,,,,,,,,,,,,,
708,8535719,379363,56908,47791,49004,54634,55515,47606,10432545,252909,69554,58411,59894,66775,67852,58185,9484132,316136,63231,53101,54449,60704,61683,52895,,,,,,,,,,,,,,,,,,,,,,,,,,,,,
709,8547869,379903,56989,47859,49074,54712,55594,47674,10447395,253269,69653,58495,59979,66870,67948,58268,9497632,316586,63321,53177,54526,60791,61771,52971,,,,,,,,,,,,,,,,,,,,,,,,,,,,,
710,8560019,380443,57070,47927,49144,54789,55673,47741,10462245,253629,69752,58578,60064,66965,68045,58350,9511132,317036,63411,53253,54604,60877,61859,53046,,,,,,,,,,,,,,,,,,,,,,,,,,,,,
711,8572169,380983,57151,47995,49213,54867,55752,47809,10477095,253989,69851,58661,60150,67060,68141,58433,9524632,317486,63501,53328,54681,60963,61947,53121,,,,,,,,,,,,,,,,,,,,,,,,,,,,,
712,8584319,381523,57232,48063,49283,54945,55831,47877,10491945,254349,69950,58744,60235,67155,68238,58516,9538132,317936,63591,53404,54759,61050,62035,53196,,,,,,,,,,,,,,,,,,,,,,,,,,,,,
713,8596469,382063,57313,48131,49353,55023,55910,47945,10506795,254709,70049,58827,60320,67250,68335,58599,9551632,318386,63681,53479,54836,61136,62122,53272,,,,,,,,,,,,,,,,,,,,,,,,,,,,,
714,8608619,382603,57394,48199,49423,55100,55989,48012,10521645,255069,70148,58910,60405,67345,68431,58682,9565132,318836,63771,53555,54914,61223,62210,53347,,,,,,,,,,,,,,,,,,,,,,,,,,,,,
715,8620769,383143,57475,48267,49492,55178,56068,48080,10536495,255429,70247,58993,60491,67440,68528,58765,9578632,319286,63861,53630,54991,61309,62298,53422,,,,,,,,,,,,,,,,,,,,,,,,,,,,,
716,8632919,383683,57556,48335,49562,55256,56147,48148,10551345,255789,70346,59077,60576,67535,68624,58847,9592132,319736,63951,53706,55069,61396,62386,53498,,,,,,,,,,,,,,,,,,,,,,,,,,,,,
717,8645069,384223,57637,48403,49632,55334,56226,48216,10566195,256149,70445,59160,60661,67630,68721,58930,9605632,320186,64041,53782,55146,61482,62474,53573,,,,,,,,,,,,,,,,,,,,,,,,,,,,,
718,8657219,384763,57718,48471,49702,55411,56305,48283,10581045,256509,70544,59243,60746,67725,68817,59013,9619132,320636,64131,53857,55224,61568,62561,53648,,,,,,,,,,,,,,,,,,,,,,,,,,,,,
719,8669369,385303,57799,48539,49771,55489,56384,48351,10595895,256869,70643,59326,60832,67820,68914,59096,9632632,321086,64221,53933,55301,61655,62649,53724,,,,,,,,,,,,,,,,,,,,,,,,,,,,,
720,8681519,385843,57880,48608,49841,55567,56463,48419,10610745,257229,70742,59409,60917,67915,69011,59179,9646132,321536,64311,54008,55379,61741,62737,53799,,,,,,,,,,,,,,,,,,,,,,,,,,,,,
721,9115595,405136,60774,51038,52333,58346,59287,50840,11141283,270090,74280,62380,63963,71311,72462,62138,10128439,337613,67527,56709,58148,64829,65874,56489,,,,,,,,,,,,,,,,,,,,,,,,,,,,,
722,9128420,405706,60860,51110,52407,58428,59370,50912,11156958,270470,74384,62468,64053,71412,72564,62225,10142689,338088,67622,56789,58230,64920,65967,56569,,,,,,,,,,,,,,,,,,,,,,,,,,,,,
723,9141245,406276,60945,51182,52481,58510,59454,50983,11172633,270850,74489,62556,64143,71512,72666,62313,10156939,338563,67717,56869,58312,65011,66060,56648,,,,,,,,,,,,,,,,,,,,,,,,,,,,,
724,9154070,406846,61031,51254,52554,58592,59537,51055,11188308,271230,74593,62643,64233,71612,72767,62400,10171189,339038,67812,56948,58394,65102,66152,56728,,,,,,,,,,,,,,,,,,,,,,,,,,,,,
725,9166895,407416,61116,51325,52628,58674,59620,51126,11203983,271610,74698,62731,64323,71713,72869,62488,10185439,339513,67907,57028,58475,65193,66245,56807,,,,,,,,,,,,,,,,,,,,,,,,,,,,,
726,9179720,407986,61202,51397,52702,58756,59704,51198,11219658,271990,74802,62819,64413,71813,72971,62575,10199689,339988,68002,57108,58557,65285,66338,56886,,,,,,,,,,,,,,,,,,,,,,,,,,,,,
727,9192545,408556,61287,51469,52775,58838,59787,51269,11235333,272370,74907,62907,64503,71913,73073,62663,10213939,340463,68097,57188,58639,65376,66430,56966,,,,,,,,,,,,,,,,,,,,,,,,,,,,,
728,9205370,409126,61373,51541,52849,58920,59871,51341,11251008,272750,75011,62994,64593,72014,73175,62750,10228189,340938,68192,57268,58721,65467,66523,57045,,,,,,,,,,,,,,,,,,,,,,,,,,,,,
729,9218195,409696,61458,51613,52922,59002,59954,51412,11266683,273130,75116,63082,64683,72114,73277,62837,10242439,341413,68287,57347,58803,65558,66616,57125,,,,,,,,,,,,,,,,,,,,,,,,,,,,,
730,9231020,410266,61544,51684,52996,59085,60037,51484,11282358,273510,75220,63170,64773,72214,73379,62925,10256689,341888,68382,57427,58885,65649,66708,57204,,,,,,,,,,,,,,,,,,,,,,,,,,,,,
731,9243845,410836,61629,51756,53070,59167,60121,51555,11298033,273890,75325,63258,64863,72315,73481,63012,10270939,342363,68477,57507,58966,65741,66801,57284,,,,,,,,,,,,,,,,,,,,,,,,,,,,,
732,9256670,411406,61715,51828,53143,59249,60204,51627,11313708,274270,75429,63345,64953,72415,73583,63100,10285189,342838,68572,57587,59048,65832,66894,57363,,,,,,,,,,,,,,,,,,,,,,,,,,,,,
733,9269495,411976,61800,51900,53217,59331,60288,51698,11329383,274650,75534,63433,65043,72515,73685,63187,10299439,343313,68667,57667,59130,65923,66986,57443,,,,,,,,,,,,,,,,,,,,,,,,,,,,,
734,9282320,412546,61886,51972,53291,59413,60371,51770,11345058,275030,75638,63521,65133,72616,73787,63274,10313689,343788,68762,57746,59212,66014,67079,57522,,,,,,,,,,,,,,,,,,,,,,,,,,,,,
735,9295145,413116,61971,52043,53364,59495,60455,51842,11360733,275410,75743,63609,65223,72716,73889,63362,10327939,344263,68857,57826,59294,66105,67172,57602,,,,,,,,,,,,,,,,,,,,,,,,,,,,,
736,9307970,413686,62057,52115,53438,59577,60538,51913,11376408,275790,75847,63696,65313,72816,73991,63449,10342189,344738,68952,57906,59375,66197,67264,57681,,,,,,,,,,,,,,,,,,,,,,,,,,,,,
737,9320795,414256,62142,52187,53511,59659,60621,51985,11392083,276170,75952,63784,65403,72917,74093,63537,10356439,345213,69047,57986,59457,66288,67357,57761,,,,,,,,,,,,,,,,,,,,,,,,,,,,,
738,9333620,414826,62228,52259,53585,59741,60705,52056,11407758,276550,76056,63872,65493,73017,74195,63624,10370689,345688,69142,58065,59539,66379,67450,57840,,,,,,,,,,,,,,,,,,,,,,,,,,,,,
739,9346445,415396,62313,52331,53659,59823,60788,52128,11423433,276930,76161,63960,65583,73117,74297,63712,10384939,346163,69237,58145,59621,66470,67542,57920,,,,,,,,,,,,,,,,,,,,,,,,,,,,,
740,9359270,415966,62399,52402,53732,59905,60872,52199,11439108,277310,76265,64047,65673,73218,74399,63799,10399189,346638,69332,58225,59703,66561,67635,57999,,,,,,,,,,,,,,,,,,,,,,,,,,,,,
741,9827233,436764,65519,55023,56419,62901,63915,54809,12011063,291176,80079,67250,68957,76879,78119,66989,10919148,363970,72799,61137,62688,69890,71017,60899,,,,,,,,,,,,,,,,,,,,,,,,,,,,,
742,9840058,437334,65605,55095,56493,62983,63999,54881,12026738,291556,80183,67338,69047,76979,78221,67077,10933398,364445,72894,61216,62770,69981,71110,60979,,,,,,,,,,,,,,,,,,,,,,,,,,,,,
743,9852883,437904,65690,55167,56566,63065,64082,54952,12042413,291936,80288,67426,69137,77080,78323,67164,10947648,364920,72989,61296,62852,70072,71203,61058,,,,,,,,,,,,,,,,,,,,,,,,,,,,,
744,9865708,438474,65776,55238,56640,63147,64166,55024,12058088,292316,80392,67513,69227,77180,78425,67252,10961898,365395,73084,61376,62933,70164,71295,61138,,,,,,,,,,,,,,,,,,,,,,,,,,,,,
745,9878533,439044,65861,55310,56714,63229,64249,55096,12073763,292696,80497,67601,69317,77280,78527,67339,10976148,365870,73179,61456,63015,70255,71388,61217,,,,,,,,,,,,,,,,,,,,,,,,,,,,,
746,9891358,439614,65947,55382,56787,63311,64333,55167,12089438,293076,80601,67689,69407,77381,78629,67426,10990398,366345,73274,61535,63097,70346,71481,61297,,,,,,,,,,,,,,,,,,,,,,,,,,,,,
747,9904183,440184,66032,55454,56861,63393,64416,55239,12105113,293456,80706,67777,69497,77481,78731,67514,11004648,366820,73369,61615,63179,70437,71573,61376,,,,,,,,,,,,,,,,,,,,,,,,,,,,,
748,9917008,440754,66118,55526,56935,63476,64499,55310,12120788,293836,80810,67865,69587,77581,78833,67601,11018898,367295,73464,61695,63261,70528,71666,61456,,,,,,,,,,,,,,,,,,,,,,,,,,,,,
749,9929833,441324,66203,55597,57008,63558,64583,55382,12136463,294216,80915,67952,69677,77682,78934,67689,11033148,367770,73559,61775,63342,70620,71759,61535,,,,,,,,,,,,,,,,,,,,,,,,,,,,,
750,9942658,441894,66289,55669,57082,63640,64666,55453,12152138,294596,81019,68040,69767,77782,79036,67776,11047398,368245,73654,61855,63424,70711,71851,61615,,,,,,,,,,,,,,,,,,,,,,,,,,,,,
751,9955483,442464,66374,55741,57155,63722,64750,55525,12167813,294976,81124,68128,69857,77882,79138,67863,11061648,368720,73749,61934,63506,70802,71944,61694,,,,,,,,,,,,,,,,,,,,,,,,,,,,,
752,9968308,443034,66460,55813,57229,63804,64833,55596,12183488,295356,81228,68216,69947,77983,79240,67951,11075898,369195,73844,62014,63588,70893,72037,61774,,,,,,,,,,,,,,,,,,,,,,,,,,,,,
753,9981133,443604,66545,55885,57303,63886,64916,55668,12199163,295736,81333,68303,70037,78083,79342,68038,11090148,369670,73939,62094,63670,70984,72129,61853,,,,,,,,,,,,,,,,,,,,,,,,,,,,,
754,9993958,444174,66631,55956,57376,63968,65000,55739,12214838,296116,81437,68391,70127,78183,79444,68126,11104398,370145,74034,62174,63752,71076,72222,61932,,,,,,,,,,,,,,,,,,,,,,,,,,,,,
755,10006783,444744,66716,56028,57450,64050,65083,55811,12230513,296496,81542,68479,70217,78283,79546,68213,11118648,370620,74129,62253,63833,71167,72315,62012,,,,,,,,,,,,,,,,,,,,,,,,,,,,,
756,10019608,445314,66802,56100,57524,64132,65167,55882,12246188,296876,81646,68567,70307,78384,79648,68301,11132898,371095,74224,62333,63915,71258,72407,62091,,,,,,,,,,,,,,,,,,,,,,,,,,,,,
757,10032433,445884,66887,56172,57597,64214,65250,55954,12261863,297256,81751,68654,70397,78484,79750,68388,11147148,371570,74319,62413,63997,71349,72500,62171,,,,,,,,,,,,,,,,,,,,,,,,,,,,,
758,10045258,446454,66973,56244,57671,64296,65333,56025,12277538,297636,81855,68742,70487,78584,79852,68475,11161398,372045,74414,62493,64079,71440,72593,62250,,,,,,,,,,,,,,,,,,,,,,,,,,,,,
759,10058083,447024,67058,56315,57744,64378,65417,56097,12293213,298016,81960,68830,70577,78685,79954,68563,11175648,372520,74509,62573,64161,71532,72685,62330,,,,,,,,,,,,,,,,,,,,,,,,,,,,,
760,10070908,447594,67144,56387,57818,64461,65500,56168,12308888,298396,82064,68918,70667,78785,80056,68650,11189898,372995,74604,62652,64242,71623,72778,62409,,,,,,,,,,,,,,,,,,,,,,,,,,,,,
761,10574454,469974,70501,59206,60709,67683,68775,58977,12924332,313316,86167,72363,74200,82724,84058,72083,11749393,391645,78334,65785,67454,75204,76417,65530,,,,,,,,,,,,,,,,,,,,,,,,,,,,,
762,10587954,470574,70591,59282,60786,67770,68863,59052,12940832,313716,86277,72456,74294,82830,84166,72175,11764393,392145,78434,65869,67540,75300,76514,65613,,,,,,,,,,,,,,,,,,,,,,,,,,,,,
763,10601454,471174,70681,59358,60864,67856,68951,59127,12957332,314116,86387,72548,74389,82935,84273,72267,11779393,392645,78534,65953,67627,75396,76612,65697,,,,,,,,,,,,,,,,,,,,,,,,,,,,,
764,10614954,471774,70771,59433,60941,67943,69038,59203,12973832,314516,86497,72640,74484,83041,84380,72359,11794393,393145,78634,66037,67713,75492,76709,65781,,,,,,,,,,,,,,,,,,,,,,,,,,,,,
765,10628454,472374,70861,59509,61019,68029,69126,59278,12990332,314916,86607,72733,74579,83147,84488,72451,11809393,393645,78734,66121,67799,75588,76807,65864,,,,,,,,,,,,,,,,,,,,,,,,,,,,,
766,10641954,472974,70951,59584,61096,68115,69214,59353,13006832,315316,86717,72825,74673,83252,84595,72543,11824393,394145,78834,66205,67885,75684,76904,65948,,,,,,,,,,,,,,,,,,,,,,,,,,,,,
767,10655454,473574,71041,59660,61174,68202,69302,59428,13023332,315716,86827,72918,74768,83358,84702,72635,11839393,394645,78934,66289,67971,75780,77002,66032,,,,,,,,,,,,,,,,,,,,,,,,,,,,,
768,10668954,474174,71131,59735,61251,68288,69390,59504,13039832,316116,86937,73010,74863,83463,84810,72727,11854393,395145,79034,66373,68057,75876,77100,66115,,,,,,,,,,,,,,,,,,,,,,,,,,,,,
769,10682454,474774,71221,59811,61329,68375,69477,59579,13056332,316516,87047,73102,74957,83569,84917,72819,11869393,395645,79134,66457,68143,75972,77197,66199,,,,,,,,,,,,,,,,,,,,,,,,,,,,,
770,10695954,475374,71311,59887,61406,68461,69565,59654,13072832,316916,87157,73195,75052,83675,85024,72911,11884393,396145,79234,66541,68229,76068,77295,66282,,,,,,,,,,,,,,,,,,,,,,,,,,,,,
771,10709454,475974,71401,59962,61484,68547,69653,59730,13089332,317316,87267,73287,75147,83780,85131,73003,11899393,396645,79334,66625,68315,76164,77392,66366,,,,,,,,,,,,,,,,,,,,,,,,,,,,,
772,10722954,476574,71491,60038,61561,68634,69741,59805,13105832,317716,87377,73379,75242,83886,85239,73095,11914393,397145,79434,66709,68402,76260,77490,66450,,,,,,,,,,,,,,,,,,,,,,,,,,,,,
773,10736454,477174,71581,60113,61639,68720,69829,59880,13122332,318116,87487,73472,75336,83991,85346,73187,11929393,397645,79534,66793,68488,76356,77587,66533,,,,,,,,,,,,,,,,,,,,,,,,,,,,,
774,10749954,477774,71671,60189,61716,68807,69916,59955,13138832,318516,87597,73564,75431,84097,85453,73279,11944393,398145,79634,66877,68574,76452,77685,66617,,,,,,,,,,,,,,,,,,,,,,,,,,,,,
775,10763454,478374,71761,60265,61794,68893,70004,60031,13155332,318916,87707,73657,75526,84203,85561,73371,11959393,398645,79734,66961,68660,76548,77782,66701,,,,,,,,,,,,,,,,,,,,,,,,,,,,,
776,10776954,478974,71851,60340,61871,68979,70092,60106,13171832,319316,87817,73749,75621,84308,85668,73463,11974393,399145,79834,67045,68746,76644,77880,66784,,,,,,,,,,,,,,,,,,,,,,,,,,,,,
777,10790454,479574,71941,60416,61949,69066,70180,60181,13188332,319716,87927,73841,75715,84414,85775,73555,11989393,399645,79934,67129,68832,76740,77978,66868,,,,,,,,,,,,,,,,,,,,,,,,,,,,,
778,10803954,480174,72031,60491,62026,69152,70268,60257,13204832,320116,88037,73934,75810,84519,85883,73647,12004393,400145,80034,67212,68918,76836,78075,66952,,,,,,,,,,,,,,,,,,,,,,,,,,,,,
779,10817454,480774,72121,60567,62104,69239,70355,60332,13221332,320516,88147,74026,75905,84625,85990,73739,12019393,400645,80134,67296,69004,76932,78173,67035,,,,,,,,,,,,,,,,,,,,,,,,,,,,,
780,10830954,481374,72211,60642,62181,69325,70443,60407,13237832,320916,88257,74119,75999,84731,86097,73831,12034393,401145,80234,67380,69090,77028,78270,67119,,,,,,,,,,,,,,,,,,,,,,,,,,,,,
781,11372502,505442,75821,63675,65291,72792,73966,63428,13899724,336962,92671,77825,79800,88967,90402,77523,12636113,421202,84246,70750,72545,80880,82184,70475,,,,,,,,,,,,,,,,,,,,,,,,,,,,,
782,11386002,506042,75911,63750,65368,72878,74053,63503,13916224,337362,92781,77917,79894,89073,90510,77615,12651113,421702,84346,70834,72631,80976,82282,70559,,,,,,,,,,,,,,,,,,,,,,,,,,,,,
783,11399502,506642,76001,63826,65446,72964,74141,63578,13932724,337762,92891,78009,79989,89179,90617,77707,12666113,422202,84446,70918,72717,81072,82379,70643,,,,,,,,,,,,,,,,,,,,,,,,,,,,,
784,11413002,507242,76091,63902,65523,73051,74229,63654,13949224,338162,93001,78102,80084,89284,90724,77799,12681113,422702,84546,71002,72804,81168,82477,70726,,,,,,,,,,,,,,,,,,,,,,,,,,,,,
785,11426502,507842,76181,63977,65601,73137,74317,63729,13965724,338562,93111,78194,80179,89390,90832,77891,12696113,423202,84646,71086,72890,81264,82574,70810,,,,,,,,,,,,,,,,,,,,,,,,,,,,,
786,11440002,508442,76271,64053,65678,73224,74405,63804,13982224,338962,93221,78287,80273,89496,90939,77983,12711113,423702,84746,71170,72976,81360,82672,70894,,,,,,,,,,,,,,,,,,,,,,,,,,,,,
787,11453502,509042,76361,64128,65756,73310,74492,63879,13998724,339362,93331,78379,80368,89601,91046,78075,12726113,424202,84846,71254,73062,81456,82769,70977,,,,,,,,,,,,,,,,,,,,,,,,,,,,,
788,11467002,509642,76451,64204,65833,73396,74580,63955,14015224,339762,93441,78471,80463,89707,91154,78167,12741113,424702,84946,71338,73148,81552,82867,71061,,,,,,,,,,,,,,,,,,,,,,,,,,,,,
789,11480502,510242,76541,64279,65911,73483,74668,64030,14031724,340162,93551,78564,80557,89812,91261,78259,12756113,425202,85046,71422,73234,81648,82964,71144,,,,,,,,,,,,,,,,,,,,,,,,,,,,,
790,11494002,510842,76631,64355,65988,73569,74756,64105,14048224,340562,93661,78656,80652,89918,91368,78351,12771113,425702,85146,71506,73320,81744,83062,71228,,,,,,,,,,,,,,,,,,,,,,,,,,,,,
791,11507502,511442,76721,64431,66066,73656,74844,64181,14064724,340962,93771,78748,80747,90024,91476,78443,12786113,426202,85246,71590,73406,81840,83160,71312,,,,,,,,,,,,,,,,,,,,,,,,,,,,,
792,11521002,512042,76811,64506,66143,73742,74931,64256,14081224,341362,93881,78841,80842,90129,91583,78535,12801113,426702,85346,71674,73492,81936,83257,71395,,,,,,,,,,,,,,,,,,,,,,,,,,,,,
793,11534502,512642,76901,64582,66221,73828,75019,64331,14097724,341762,93991,78933,80936,90235,91690,78627,12816113,427202,85446,71757,73579,82032,83355,71479,,,,,,,,,,,,,,,,,,,,,,,,,,,,,
794,11548002,513242,76991,64657,66298,73915,75107,64406,14114224,342162,94101,79026,81031,90340,91797,78719,12831113,427702,85546,71841,73665,82128,83452,71563,,,,,,,,,,,,,,,,,,,,,,,,,,,,,
795,11561502,513842,77081,64733,66376,74001,75195,64482,14130724,342562,94211,79118,81126,90446,91905,78811,12846113,428202,85646,71925,73751,82224,83550,71646,,,,,,,,,,,,,,,,,,,,,,,,,,,,,
796,11575002,514442,77171,64808,66453,74088,75283,64557,14147224,342962,94321,79210,81221,90552,92012,78903,12861113,428702,85746,72009,73837,82320,83647,71730,,,,,,,,,,,,,,,,,,,,,,,,,,,,,
797,11588502,515042,77261,64884,66531,74174,75370,64632,14163724,343362,94431,79303,81315,90657,92119,78995,12876113,429202,85846,72093,73923,82416,83745,71814,,,,,,,,,,,,,,,,,,,,,,,,,,,,,
798,11602002,515642,77351,64960,66608,74260,75458,64708,14180224,343762,94541,79395,81410,90763,92227,79087,12891113,429702,85946,72177,74009,82512,83842,71897,,,,,,,,,,,,,,,,,,,,,,,,,,,,,
799,11615502,516242,77441,65035,66686,74347,75546,64783,14196724,344162,94651,79488,81505,90868,92334,79179,12906113,430202,86046,72261,74095,82608,83940,71981,,,,,,,,,,,,,,,,,,,,,,,,,,,,,
800,11629002,516842,77531,65111,66763,74433,75634,64858,14213224,344562,94761,79580,81599,90974,92441,79271,12921113,430702,86146,72345,74181,82704,84038,72065,,,,,,,,,,,,,,,,,,,,,,,,,,,,,
801,12210452,542684,81408,68366,70101,78155,79415,68101,14923886,361790,99498,83559,85679,95522,97063,83234,13567169,452237,90453,75962,77890,86838,88239,75668,,,,,,,,,,,,,,,,,,,,,,,,,,,,,
802,12224627,543314,81502,68445,70182,78245,79507,68180,14941211,362210,99614,83656,85779,95633,97176,83331,13582919,452762,90558,76051,77981,86939,88342,75755,,,,,,,,,,,,,,,,,,,,,,,,,,,,,
803,12238802,543944,81597,68525,70264,78336,79600,68259,14958536,362630,99729,83753,85878,95744,97288,83428,13598669,453287,90663,76139,78071,87040,88444,75843,,,,,,,,,,,,,,,,,,,,,,,,,,,,,
804,12252977,544574,81691,68604,70345,78427,79692,68338,14975861,363050,99845,83850,85977,95855,97401,83524,13614419,453812,90768,76227,78161,87141,88546,75931,,,,,,,,,,,,,,,,,,,,,,,,,,,,,
805,12267152,545204,81786,68684,70427,78518,79784,68417,14993186,363470,99960,83947,86077,95966,97514,83621,13630169,454337,90873,76315,78252,87242,88649,76019,,,,,,,,,,,,,,,,,,,,,,,,,,,,,
806,12281327,545834,81880,68763,70508,78608,79876,68496,15010511,363890,100076,84044,86176,96077,97626,83718,13645919,454862,90978,76403,78342,87343,88751,76107,,,,,,,,,,,,,,,,,,,,,,,,,,,,,
807,12295502,546464,81975,68842,70589,78699,79968,68575,15027836,364310,100191,84141,86276,96188,97739,83814,13661669,455387,91083,76491,78433,87443,88854,76195,,,,,,,,,,,,,,,,,,,,,,,,,,,,,
808,12309677,547094,82069,68922,70671,78790,80061,68654,15045161,364730,100307,84238,86375,96299,97852,83911,13677419,455912,91188,76580,78523,87544,88956,76283,,,,,,,,,,,,,,,,,,,,,,,,,,,,,
809,12323852,547724,82164,69001,70752,78880,80153,68733,15062486,365150,100422,84335,86475,96409,97964,84007,13693169,456437,91293,76668,78613,87645,89059,76370,,,,,,,,,,,,,,,,,,,,,,,,,,,,,
810,12338027,548354,82258,69080,70833,78971,80245,68812,15079811,365570,100538,84432,86574,96520,98077,84104,13708919,456962,91398,76756,78704,87746,89161,76458,,,,,,,,,,,,,,,,,,,,,,,,,,,,,
811,12352202,548984,82353,69160,70915,79062,80337,68891,15097136,365990,100653,84529,86674,96631,98190,84201,13724669,457487,91503,76844,78794,87847,89263,76546,,,,,,,,,,,,,,,,,,,,,,,,,,,,,
812,12366377,549614,82447,69239,70996,79153,80429,68970,15114461,366410,100769,84626,86773,96742,98302,84297,13740419,458012,91608,76932,78885,87947,89366,76634,,,,,,,,,,,,,,,,,,,,,,,,,,,,,
813,12380552,550244,82542,69318,71078,79243,80521,69050,15131786,366830,100884,84723,86873,96853,98415,84394,13756169,458537,91713,77021,78975,88048,89468,76722,,,,,,,,,,,,,,,,,,,,,,,,,,,,,
814,12394727,550874,82636,69398,71159,79334,80614,69129,15149111,367250,101000,84820,86972,96964,98528,84490,13771919,459062,91818,77109,79066,88149,89571,76810,,,,,,,,,,,,,,,,,,,,,,,,,,,,,
815,12408902,551504,82731,69477,71240,79425,80706,69208,15166436,367670,101115,84917,87072,97075,98640,84587,13787669,459587,91923,77197,79156,88250,89673,76897,,,,,,,,,,,,,,,,,,,,,,,,,,,,,
816,12423077,552134,82825,69557,71322,79516,80798,69287,15183761,368090,101231,85014,87171,97186,98753,84684,13803419,460112,92028,77285,79246,88351,89776,76985,,,,,,,,,,,,,,,,,,,,,,,,,,,,,
817,12437252,552764,82920,69636,71403,79606,80890,69366,15201086,368510,101346,85111,87270,97296,98866,84780,13819169,460637,92133,77373,79337,88451,89878,77073,,,,,,,,,,,,,,,,,,,,,,,,,,,,,
818,12451427,553394,83014,69715,71484,79697,80982,69445,15218411,368930,101462,85208,87370,97407,98978,84877,13834919,461162,92238,77461,79427,88552,89980,77161,,,,,,,,,,,,,,,,,,,,,,,,,,,,,
819,12465602,554024,83109,69795,71566,79788,81075,69524,15235736,369350,101577,85305,87469,97518,99091,84974,13850669,461687,92343,77550,79518,88653,90083,77249,,,,,,,,,,,,,,,,,,,,,,,,,,,,,
820,12479777,554654,83203,69874,71647,79878,81167,69603,15253061,369770,101693,85402,87569,97629,99204,85070,13866419,462212,92448,77638,79608,88754,90185,77337,,,,,,,,,,,,,,,,,,,,,,,,,,,,,
821,13103766,582388,87363,73367,75229,83872,85225,73083,16015714,388258,106777,89671,91947,102510,104164,89323,14559740,485323,97070,81519,83588,93191,94694,81203,,,,,,,,,,,,,,,,,,,,,,,,,,,,,
822,13117941,583018,87458,73447,75311,83963,85317,73162,16033039,388678,106893,89768,92046,102621,104276,89420,14575490,485848,97175,81608,83678,93292,94797,81291,,,,,,,,,,,,,,,,,,,,,,,,,,,,,
823,13132116,583648,87552,73526,75392,84053,85409,73241,16050364,389098,107008,89865,92146,102732,104389,89517,14591240,486373,97280,81696,83769,93393,94899,81379,,,,,,,,,,,,,,,,,,,,,,,,,,,,,
824,13146291,584278,87647,73605,75473,84144,85501,73320,16067689,389518,107124,89962,92245,102843,104502,89613,14606990,486898,97385,81784,83859,93493,95001,81467,,,,,,,,,,,,,,,,,,,,,,,,,,,,,
825,13160466,584908,87741,73685,75555,84235,85593,73399,16085014,389938,107239,90059,92345,102954,104614,89710,14622740,487423,97490,81872,83950,93594,95104,81554,,,,,,,,,,,,,,,,,,,,,,,,,,,,,
826,13174641,585538,87836,73764,75636,84326,85686,73478,16102339,390358,107355,90156,92444,103065,104727,89806,14638490,487948,97595,81960,84040,93695,95206,81642,,,,,,,,,,,,,,,,,,,,,,,,,,,,,
827,13188816,586168,87930,73844,75718,84416,85778,73557,16119664,390778,107470,90253,92544,103175,104840,89903,14654240,488473,97700,82048,84131,93796,95309,81730,,,,,,,,,,,,,,,,,,,,,,,,,,,,,
828,13202991,586798,88025,73923,75799,84507,85870,73636,16136989,391198,107586,90350,92643,103286,104952,90000,14669990,488998,97805,82137,84221,93897,95411,81818,,,,,,,,,,,,,,,,,,,,,,,,,,,,,
829,13217166,587428,88119,74002,75880,84598,85962,73715,16154314,391618,107701,90447,92743,103397,105065,90096,14685740,489523,97910,82225,84311,93998,95514,81906,,,,,,,,,,,,,,,,,,,,,,,,,,,,,
830,13231341,588058,88214,74082,75962,84688,86054,73794,16171639,392038,107817,90544,92842,103508,105178,90193,14701490,490048,98015,82313,84402,94098,95616,81994,,,,,,,,,,,,,,,,,,,,,,,,,,,,,
831,13245516,588688,88308,74161,76043,84779,86147,73873,16188964,392458,107932,90641,92941,103619,105290,90290,14717240,490573,98120,82401,84492,94199,95718,82081,,,,,,,,,,,,,,,,,,,,,,,,,,,,,
832,13259691,589318,88403,74240,76124,84870,86239,73952,16206289,392878,108048,90738,93041,103730,105403,90386,14732990,491098,98225,82489,84583,94300,95821,82169,,,,,,,,,,,,,,,,,,,,,,,,,,,,,
833,13273866,589948,88497,74320,76206,84961,86331,74031,16223614,393298,108163,90835,93140,103841,105516,90483,14748740,491623,98330,82577,84673,94401,95923,82257,,,,,,,,,,,,,,,,,,,,,,,,,,,,,
834,13288041,590578,88592,74399,76287,85051,86423,74110,16240939,393718,108279,90932,93240,103952,105628,90579,14764490,492148,98435,82666,84763,94502,96026,82345,,,,,,,,,,,,,,,,,,,,,,,,,,,,,
835,13302216,591208,88686,74478,76369,85142,86515,74189,16258264,394138,108394,91029,93339,104063,105741,90676,14780240,492673,98540,82754,84854,94602,96128,82433,,,,,,,,,,,,,,,,,,,,,,,,,,,,,
836,13316391,591838,88781,74558,76450,85233,86608,74269,16275589,394558,108510,91126,93439,104173,105854,90773,14795990,493198,98645,82842,84944,94703,96231,82521,,,,,,,,,,,,,,,,,,,,,,,,,,,,,
837,13330566,592468,88875,74637,76531,85324,86700,74348,16292914,394978,108625,91223,93538,104284,105966,90869,14811740,493723,98750,82930,85035,94804,96333,82608,,,,,,,,,,,,,,,,,,,,,,,,,,,,,
838,13344741,593098,88970,74717,76613,85414,86792,74427,16310239,395398,108741,91320,93638,104395,106079,90966,14827490,494248,98855,83018,85125,94905,96435,82696,,,,,,,,,,,,,,,,,,,,,,,,,,,,,
839,13358916,593728,89064,74796,76694,85505,86884,74506,16327564,395818,108856,91417,93737,104506,106192,91063,14843240,494773,98960,83107,85216,95006,96538,82784,,,,,,,,,,,,,,,,,,,,,,,,,,,,,
840,13373091,594358,89159,74875,76775,85596,86976,74585,16344889,396238,108972,91514,93837,104617,106304,91159,14858990,495298,99065,83195,85306,95106,96640,82872,,,,,,,,,,,,,,,,,,,,,,,,,,,,,
841,14041746,624076,93616,78619,80614,89875,91325,78314,17162134,416050,114420,96090,98528,109848,111619,95717,15601940,520063,104018,87354,89571,99861,101472,87015,,,,,,,,,,,,,,,,,,,,,,,,,,,,,
842,14056596,624736,93715,78702,80699,89970,91421,78397,17180284,416490,114541,96191,98632,109964,111737,95818,15618440,520613,104128,87447,89666,99967,101579,87107,,,,,,,,,,,,,,,,,,,,,,,,,,,,,
843,14071446,625396,93814,78785,80784,90065,91518,78479,17198434,416930,114662,96293,98737,110080,111855,95919,15634940,521163,104238,87539,89761,100073,101687,87199,,,,,,,,,,,,,,,,,,,,,,,,,,,,,
844,14086296,626056,93913,78868,80870,90160,91615,78562,17216584,417370,114783,96395,98841,110196,111973,96021,15651440,521713,104348,87631,89855,100178,101794,87291,,,,,,,,,,,,,,,,,,,,,,,,,,,,,
845,14101146,626716,94012,78951,80955,90255,91711,78645,17234734,417810,114904,96496,98945,110312,112091,96122,15667940,522263,104458,87724,89950,100284,101901,87383,,,,,,,,,,,,,,,,,,,,,,,,,,,,,
846,14115996,627376,94111,79035,81040,90351,91808,78728,17252884,418250,115025,96598,99049,110428,112210,96223,15684440,522813,104568,87816,90045,100389,102009,87475,,,,,,,,,,,,,,,,,,,,,,,,,,,,,
847,14130846,628036,94210,79118,81125,90446,91904,78811,17271034,418690,115146,96699,99153,110545,112328,96324,15700940,523363,104678,87909,90139,100495,102116,87567,,,,,,,,,,,,,,,,,,,,,,,,,,,,,
848,14145696,628696,94309,79201,81211,90541,92001,78894,17289184,419130,115267,96801,99258,110661,112446,96425,15717440,523913,104788,88001,90234,100601,102223,87659,,,,,,,,,,,,,,,,,,,,,,,,,,,,,
849,14160546,629356,94408,79284,81296,90636,92098,78976,17307334,419570,115388,96903,99362,110777,112564,96527,15733940,524463,104898,88093,90329,100706,102331,87751,,,,,,,,,,,,,,,,,,,,,,,,,,,,,
850,14175396,630016,94507,79367,81381,90731,92194,79059,17325484,420010,115509,97004,99466,110893,112682,96628,15750440,525013,105008,88186,90424,100812,102438,87844,,,,,,,,,,,,,,,,,,,,,,,,,,,,,
851,14190246,630676,94606,79450,81466,90826,92291,79142,17343634,420450,115630,97106,99570,111009,112800,96729,15766940,525563,105118,88278,90518,100917,102545,87936,,,,,,,,,,,,,,,,,,,,,,,,,,,,,
852,14205096,631336,94705,79533,81552,90921,92387,79225,17361784,420890,115751,97207,99674,111125,112918,96830,15783440,526113,105228,88370,90613,101023,102652,88028,,,,,,,,,,,,,,,,,,,,,,,,,,,,,
853,14219946,631996,94804,79617,81637,91016,92484,79308,17379934,421330,115872,97309,99778,111242,113036,96932,15799940,526663,105338,88463,90708,101129,102760,88120,,,,,,,,,,,,,,,,,,,,,,,,,,,,,
854,14234796,632656,94903,79700,81722,91111,92580,79390,17398084,421770,115993,97411,99883,111358,113154,97033,15816440,527213,105448,88555,90802,101234,102867,88212,,,,,,,,,,,,,,,,,,,,,,,,,,,,,
855,14249646,633316,95002,79783,81807,91206,92677,79473,17416234,422210,116114,97512,99987,111474,113272,97134,15832940,527763,105558,88648,90897,101340,102974,88304,,,,,,,,,,,,,,,,,,,,,,,,,,,,,
856,14264496,633976,95101,79866,81893,91301,92774,79556,17434384,422650,116235,97614,100091,111590,113390,97235,15849440,528313,105668,88740,90992,101446,103082,88396,,,,,,,,,,,,,,,,,,,,,,,,,,,,,
857,14279346,634636,95200,79949,81978,91396,92870,79639,17452534,423090,116356,97716,100195,111706,113508,97336,15865940,528863,105778,88832,91087,101551,103189,88488,,,,,,,,,,,,,,,,,,,,,,,,,,,,,
858,14294196,635296,95299,80032,82063,91491,92967,79722,17470684,423530,116477,97817,100299,111822,113626,97438,15882440,529413,105888,88925,91181,101657,103296,88580,,,,,,,,,,,,,,,,,,,,,,,,,,,,,
859,14309046,635956,95398,80115,82148,91586,93063,79805,17488834,423970,116598,97919,100404,111939,113744,97539,15898940,529963,105998,89017,91276,101762,103404,88672,,,,,,,,,,,,,,,,,,,,,,,,,,,,,
860,14323896,636616,95497,80198,82234,91681,93160,79887,17506984,424410,116719,98020,100508,112055,113862,97640,15915440,530513,106108,89109,91371,101868,103511,88764,,,,,,,,,,,,,,,,,,,,,,,,,,,,,
861,15040091,668447,100272,84208,86345,96265,97817,83881,18382333,445631,122554,102921,105533,117657,119555,102522,16711212,557039,111413,93565,95939,106961,108686,93202,,,,,,,,,,,,,,,,,,,,,,,,,,,,,
862,15054941,669107,100371,84291,86430,96360,97914,83964,18400483,446071,122675,103023,105637,117773,119673,102623,16727712,557589,111523,93657,96034,107067,108793,93294,,,,,,,,,,,,,,,,,,,,,,,,,,,,,
863,15069791,669767,100470,84374,86516,96455,98011,84047,18418633,446511,122796,103124,105741,117889,119791,102724,16744212,558139,111633,93749,96128,107172,108901,93386,,,,,,,,,,,,,,,,,,,,,,,,,,,,,
864,15084641,670427,100569,84458,86601,96550,98107,84130,18436783,446951,122917,103226,105845,118006,119909,102825,16760712,558689,111743,93842,96223,107278,109008,93478,,,,,,,,,,,,,,,,,,,,,,,,,,,,,
865,15099491,671087,100668,84541,86686,96645,98204,84213,18454933,447391,123038,103327,105950,118122,120027,102927,16777212,559239,111853,93934,96318,107383,109115,93570,,,,,,,,,,,,,,,,,,,,,,,,,,,,,
866,15114341,671747,100767,84624,86771,96740,98300,84295,18473083,447831,123159,103429,106054,118238,120145,103028,16793712,559789,111963,94026,96413,107489,109223,93662,,,,,,,,,,,,,,,,,,,,,,,,,,,,,
867,15129191,672407,100866,84707,86857,96835,98397,84378,18491233,448271,123280,103531,106158,118354,120263,103129,16810212,560339,112073,94119,96507,107595,109330,93754,,,,,,,,,,,,,,,,,,,,,,,,,,,,,
868,15144041,673067,100965,84790,86942,96930,98494,84461,18509383,448711,123401,103632,106262,118470,120381,103230,16826712,560889,112183,94211,96602,107700,109437,93846,,,,,,,,,,,,,,,,,,,,,,,,,,,,,
869,15158891,673727,101064,84873,87027,97025,98590,84544,18527533,449151,123522,103734,106366,118586,120499,103331,16843212,561439,112293,94304,96697,107806,109545,93938,,,,,,,,,,,,,,,,,,,,,,,,,,,,,
870,15173741,674387,101163,84956,87112,97120,98687,84627,18545683,449591,123643,103836,106471,118703,120617,103433,16859712,561989,112403,94396,96791,107911,109652,94030,,,,,,,,,,,,,,,,,,,,,,,,,,,,,
871,15188591,675047,101262,85040,87198,97215,98783,84710,18563833,450031,123764,103937,106575,118819,120735,103534,16876212,562539,112513,94488,96886,108017,109759,94122,,,,,,,,,,,,,,,,,,,,,,,,,,,,,
872,15203441,675707,101361,85123,87283,97310,98880,84792,18581983,450471,123885,104039,106679,118935,120853,103635,16892712,563089,112623,94581,96981,108123,109866,94214,,,,,,,,,,,,,,,,,,,,,,,,,,,,,
873,15218291,676367,101460,85206,87368,97405,98976,84875,18600133,450911,124006,104140,106783,119051,120971,103736,16909212,563639,112733,94673,97076,108228,109974,94306,,,,,,,,,,,,,,,,,,,,,,,,,,,,,
874,15233141,677027,101559,85289,87453,97500,99073,84958,18618283,451351,124127,104242,106887,119167,121089,103838,16925712,564189,112843,94765,97170,108334,110081,94398,,,,,,,,,,,,,,,,,,,,,,,,,,,,,
875,15247991,677687,101658,85372,87539,97595,99170,85041,18636433,451791,124248,104344,106992,119283,121207,103939,16942212,564739,112953,94858,97265,108439,110188,94490,,,,,,,,,,,,,,,,,,,,,,,,,,,,,
876,15262841,678347,101757,85455,87624,97690,99266,85124,18654583,452231,124369,104445,107096,119399,121325,104040,16958712,565289,113063,94950,97360,108545,110296,94582,,,,,,,,,,,,,,,,,,,,,,,,,,,,,
877,15277691,679007,101856,85538,87709,97786,99363,85206,18672733,452671,124490,104547,107200,119516,121443,104141,16975212,565839,113173,95043,97455,108651,110403,94674,,,,,,,,,,,,,,,,,,,,,,,,,,,,,
878,15292541,679667,101955,85621,87794,97881,99459,85289,18690883,453111,124611,104648,107304,119632,121561,104242,16991712,566389,113283,95135,97549,108756,110510,94766,,,,,,,,,,,,,,,,,,,,,,,,,,,,,
879,15307391,680327,102054,85705,87880,97976,99556,85372,18709033,453551,124732,104750,107408,119748,121679,104344,17008212,566939,113393,95227,97644,108862,110618,94858,,,,,,,,,,,,,,,,,,,,,,,,,,,,,
880,15322241,680987,102153,85788,87965,98071,99652,85455,18727183,453991,124853,104852,107513,119864,121797,104445,17024712,567489,113503,95320,97739,108967,110725,94950,,,,,,,,,,,,,,,,,,,,,,,,,,,,,
881,16088353,715036,107260,90077,92363,102974,104635,89728,19663543,476690,131096,110094,112888,125857,127887,109667,17875948,595863,119178,100086,102626,114416,116261,99697,,,,,,,,,,,,,,,,,,,,,,,,,,,,,
882,16103878,715726,107364,90164,92452,103073,104736,89814,19682518,477150,131222,110200,112997,125979,128011,109773,17893198,596438,119293,100182,102725,114526,116373,99793,,,,,,,,,,,,,,,,,,,,,,,,,,,,,
883,16119403,716416,107467,90251,92541,103173,104837,89901,19701493,477610,131349,110307,113106,126100,128134,109879,17910448,597013,119408,100279,102824,114636,116485,99890,,,,,,,,,,,,,,,,,,,,,,,,,,,,,
884,16134928,717106,107571,90338,92630,103272,104938,89987,19720468,478070,131475,110413,113215,126222,128257,109984,17927698,597588,119523,100375,102923,114747,116598,99986,,,,,,,,,,,,,,,,,,,,,,,,,,,,,
885,16150453,717796,107674,90425,92719,103372,105039,90074,19739443,478530,131602,110519,113324,126343,128381,110090,17944948,598163,119638,100472,103022,114857,116710,100082,,,,,,,,,,,,,,,,,,,,,,,,,,,,,
886,16165978,718486,107778,90512,92809,103471,105140,90160,19758418,478990,131728,110625,113433,126464,128504,110196,17962198,598738,119753,100568,103121,114968,116822,100178,,,,,,,,,,,,,,,,,,,,,,,,,,,,,
887,16181503,719176,107881,90599,92898,103570,105241,90247,19777393,479450,131855,110732,113542,126586,128628,110302,17979448,599313,119868,100665,103220,115078,116934,100275,,,,,,,,,,,,,,,,,,,,,,,,,,,,,
888,16197028,719866,107985,90685,92987,103670,105342,90334,19796368,479910,131981,110838,113651,126707,128751,110408,17996698,599888,119983,100762,103319,115188,117046,100371,,,,,,,,,,,,,,,,,,,,,,,,,,,,,
889,16212553,720556,108088,90772,93076,103769,105443,90420,19815343,480370,132108,110944,113759,126829,128874,110514,18013948,600463,120098,100858,103418,115299,117159,100467,,,,,,,,,,,,,,,,,,,,,,,,,,,,,
890,16228078,721246,108192,90859,93165,103868,105544,90507,19834318,480830,132234,111050,113868,126950,128998,110619,18031198,601038,120213,100955,103517,115409,117271,100563,,,,,,,,,,,,,,,,,,,,,,,,,,,,,
891,16243603,721936,108295,90946,93254,103968,105645,90593,19853293,481290,132361,111157,113977,127072,129121,110725,18048448,601613,120328,101051,103616,115520,117383,100659,,,,,,,,,,,,,,,,,,,,,,,,,,,,,
892,16259128,722626,108399,91033,93343,104067,105746,90680,19872268,481750,132487,111263,114086,127193,129245,110831,18065698,602188,120443,101148,103715,115630,117495,100756,,,,,,,,,,,,,,,,,,,,,,,,,,,,,
893,16274653,723316,108502,91120,93432,104166,105847,90767,19891243,482210,132614,111369,114195,127315,129368,110937,18082948,602763,120558,101245,103814,115740,117607,100852,,,,,,,,,,,,,,,,,,,,,,,,,,,,,
894,16290178,724006,108606,91207,93522,104266,105948,90853,19910218,482670,132740,111475,114304,127436,129491,111043,18100198,603338,120673,101341,103913,115851,117719,100948,,,,,,,,,,,,,,,,,,,,,,,,,,,,,
895,16305703,724696,108709,91294,93611,104365,106048,90940,19929193,483130,132867,111581,114413,127557,129615,111149,18117448,603913,120788,101438,104012,115961,117832,101044,,,,,,,,,,,,,,,,,,,,,,,,,,,,,
896,16321228,725386,108813,91381,93700,104465,106149,91026,19948168,483590,132993,111688,114522,127679,129738,111254,18134698,604488,120903,101534,104111,116072,117944,101140,,,,,,,,,,,,,,,,,,,,,,,,,,,,,
897,16336753,726076,108916,91468,93789,104564,106250,91113,19967143,484050,133120,111794,114631,127800,129862,111360,18151948,605063,121018,101631,104210,116182,118056,101237,,,,,,,,,,,,,,,,,,,,,,,,,,,,,
898,16352278,726766,109020,91555,93878,104663,106351,91199,19986118,484510,133246,111900,114740,127922,129985,111466,18169198,605638,121133,101727,104309,116293,118168,101333,,,,,,,,,,,,,,,,,,,,,,,,,,,,,
899,16367803,727456,109123,91642,93967,104763,106452,91286,20005093,484970,133373,112006,114849,128043,130108,111572,18186448,606213,121248,101824,104408,116403,118280,101429,,,,,,,,,,,,,,,,,,,,,,,,,,,,,
900,16383328,728146,109227,91729,94056,104862,106553,91373,20024068,485430,133499,112113,114958,128165,130232,111678,18203698,606788,121363,101921,104507,116513,118393,101525,,,,,,,,,,,,,,,,,,,,,,,,,,,,,
901,17202495,764552,114688,96315,98759,110105,111881,95941,21025271,509702,140174,117718,120705,134573,136743,117261,19113883,637127,127431,107016,109732,122339,124312,106601,,,,,,,,,,,,,,,,,,,,,,,,,,,,,
902,17218020,765242,114791,96402,98848,110204,111982,96028,21044246,510162,140301,117824,120814,134694,136867,117367,19131133,637702,127546,107113,109831,122449,124424,106697,,,,,,,,,,,,,,,,,,,,,,,,,,,,,
903,17233545,765932,114895,96489,98937,110304,112083,96114,21063221,510622,140427,117931,120923,134816,136990,117473,19148383,638277,127661,107210,109930,122560,124536,106794,,,,,,,,,,,,,,,,,,,,,,,,,,,,,
904,17249070,766622,114998,96576,99026,110403,112184,96201,21082196,511082,140554,118037,121032,134937,137113,117579,19165633,638852,127776,107306,110029,122670,124649,106890,,,,,,,,,,,,,,,,,,,,,,,,,,,,,
905,17264595,767312,115102,96662,99116,110502,112285,96287,21101171,511542,140680,118143,121141,135059,137237,117685,19182883,639427,127891,107403,110128,122780,124761,106986,,,,,,,,,,,,,,,,,,,,,,,,,,,,,
906,17280120,768002,115205,96749,99205,110602,112386,96374,21120146,512002,140807,118249,121250,135180,137360,117791,19200133,640002,128006,107499,110227,122891,124873,107082,,,,,,,,,,,,,,,,,,,,,,,,,,,,,
907,17295645,768692,115309,96836,99294,110701,112487,96461,21139121,512462,140933,118356,121359,135301,137484,117896,19217383,640577,128121,107596,110326,123001,124985,107178,,,,,,,,,,,,,,,,,,,,,,,,,,,,,
908,17311170,769382,115412,96923,99383,110801,112588,96547,21158096,512922,141060,118462,121468,135423,137607,118002,19234633,641152,128236,107693,110425,123112,125097,107275,,,,,,,,,,,,,,,,,,,,,,,,,,,,,
909,17326695,770072,115516,97010,99472,110900,112689,96634,21177071,513382,141186,118568,121577,135544,137730,118108,19251883,641727,128351,107789,110524,123222,125210,107371,,,,,,,,,,,,,,,,,,,,,,,,,,,,,
910,17342220,770762,115619,97097,99561,110999,112790,96720,21196046,513842,141313,118674,121686,135666,137854,118214,19269133,642302,128466,107886,110624,123332,125322,107467,,,,,,,,,,,,,,,,,,,,,,,,,,,,,
911,17357745,771452,115723,97184,99650,111099,112891,96807,21215021,514302,141439,118780,121795,135787,137977,118320,19286383,642877,128581,107982,110723,123443,125434,107563,,,,,,,,,,,,,,,,,,,,,,,,,,,,,
912,17373270,772142,115826,97271,99739,111198,112991,96894,21233996,514762,141566,118887,121904,135909,138101,118425,19303633,643452,128696,108079,110822,123553,125546,107659,,,,,,,,,,,,,,,,,,,,,,,,,,,,,
913,17388795,772832,115930,97358,99829,111297,113092,96980,21252971,515222,141692,118993,122013,136030,138224,118531,19320883,644027,128811,108175,110921,123664,125658,107756,,,,,,,,,,,,,,,,,,,,,,,,,,,,,
914,17404320,773522,116033,97445,99918,111397,113193,97067,21271946,515682,141819,119099,122122,136152,138348,118637,19338133,644602,128926,108272,111020,123774,125770,107852,,,,,,,,,,,,,,,,,,,,,,,,,,,,,
915,17419845,774212,116137,97532,100007,111496,113294,97153,21290921,516142,141945,119205,122231,136273,138471,118743,19355383,645177,129041,108369,111119,123885,125883,107948,,,,,,,,,,,,,,,,,,,,,,,,,,,,,
916,17435370,774902,116240,97619,100096,111595,113395,97240,21309896,516602,142072,119312,122339,136394,138594,118849,19372633,645752,129156,108465,111218,123995,125995,108044,,,,,,,,,,,,,,,,,,,,,,,,,,,,,
917,17450895,775592,116344,97706,100185,111695,113496,97326,21328871,517062,142198,119418,122448,136516,138718,118955,19389883,646327,129271,108562,111317,124105,126107,108141,,,,,,,,,,,,,,,,,,,,,,,,,,,,,
918,17466420,776282,116447,97792,100274,111794,113597,97413,21347846,517522,142325,119524,122557,136637,138841,119060,19407133,646902,129386,108658,111416,124216,126219,108237,,,,,,,,,,,,,,,,,,,,,,,,,,,,,
919,17481945,776972,116551,97879,100363,111894,113698,97500,21366821,517982,142451,119630,122666,136759,138965,119166,19424383,647477,129501,108755,111515,124326,126331,108333,,,,,,,,,,,,,,,,,,,,,,,,,,,,,
920,17497470,777662,116654,97966,100452,111993,113799,97586,21385796,518442,142578,119737,122775,136880,139088,119272,19441633,648052,129616,108851,111614,124437,126444,108429,,,,,,,,,,,,,,,,,,,,,,,,,,,,,
921,18372344,816546,122487,102865,105475,117593,119489,102466,22455087,544364,149707,125724,128914,143724,146043,125236,20413715,680455,136097,114294,117195,130659,132766,113851,,,,,,,,,,,,,,,,,,,,,,,,,,,,,
922,18388544,817266,122595,102955,105568,117696,119595,102556,22474887,544844,149839,125834,129028,143851,146171,125346,20431715,681055,136217,114395,117298,130774,132883,113951,,,,,,,,,,,,,,,,,,,,,,,,,,,,,
923,18404744,817986,122703,103046,105661,117800,119700,102646,22494687,545324,149971,125945,129141,143978,146300,125457,20449715,681655,136337,114496,117401,130889,133000,114052,,,,,,,,,,,,,,,,,,,,,,,,,,,,,
924,18420944,818706,122811,103137,105754,117904,119805,102737,22514487,545804,150103,126056,129255,144105,146429,125567,20467715,682255,136457,114596,117505,131004,133117,114152,,,,,,,,,,,,,,,,,,,,,,,,,,,,,
925,18437144,819426,122919,103228,105847,118007,119911,102827,22534287,546284,150235,126167,129369,144231,146558,125678,20485715,682855,136577,114697,117608,131119,133234,114252,,,,,,,,,,,,,,,,,,,,,,,,,,,,,
926,18453344,820146,123027,103318,105940,118111,120016,102917,22554087,546764,150367,126278,129482,144358,146686,125788,20503715,683455,136697,114798,117711,131235,133351,114353,,,,,,,,,,,,,,,,,,,,,,,,,,,,,
927,18469544,820866,123135,103409,106033,118215,120121,103008,22573887,547244,150499,126389,129596,144485,146815,125898,20521715,684055,136817,114899,117815,131350,133468,114453,,,,,,,,,,,,,,,,,,,,,,,,,,,,,
928,18485744,821586,123243,103500,106126,118318,120227,103098,22593687,547724,150631,126500,129710,144611,146944,126009,20539715,684655,136937,115000,117918,131465,133585,114553,,,,,,,,,,,,,,,,,,,,,,,,,,,,,
929,18501944,822306,123351,103590,106219,118422,120332,103188,22613487,548204,150763,126610,129823,144738,147073,126119,20557715,685255,137057,115100,118021,131580,133702,114654,,,,,,,,,,,,,,,,,,,,,,,,,,,,,
930,18518144,823026,123459,103681,106312,118526,120438,103279,22633287,548684,150895,126721,129937,144865,147201,126230,20575715,685855,137177,115201,118125,131695,133820,114754,,,,,,,,,,,,,,,,,,,,,,,,,,,,,
931,18534344,823746,123567,103772,106405,118630,120543,103369,22653087,549164,151027,126832,130051,144992,147330,126340,20593715,686455,137297,115302,118228,131811,133937,114855,,,,,,,,,,,,,,,,,,,,,,,,,,,,,
932,18550544,824466,123675,103862,106498,118733,120648,103459,22672887,549644,151159,126943,130164,145118,147459,126450,20611715,687055,137417,115403,118331,131926,134054,114955,,,,,,,,,,,,,,,,,,,,,,,,,,,,,
933,18566744,825186,123783,103953,106591,118837,120754,103550,22692687,550124,151291,127054,130278,145245,147588,126561,20629715,687655,137537,115503,118435,132041,134171,115055,,,,,,,,,,,,,,,,,,,,,,,,,,,,,
934,18582944,825906,123891,104044,106684,118941,120859,103640,22712487,550604,151423,127165,130392,145372,147717,126671,20647715,688255,137657,115604,118538,132156,134288,115156,,,,,,,,,,,,,,,,,,,,,,,,,,,,,
935,18599144,826626,123999,104135,106777,119044,120964,103731,22732287,551084,151555,127276,130505,145499,147845,126782,20665715,688855,137777,115705,118641,132271,134405,115256,,,,,,,,,,,,,,,,,,,,,,,,,,,,,
936,18615344,827346,124107,104225,106870,119148,121070,103821,22752087,551564,151687,127386,130619,145625,147974,126892,20683715,689455,137897,115806,118745,132387,134522,115357,,,,,,,,,,,,,,,,,,,,,,,,,,,,,
937,18631544,828066,124215,104316,106963,119252,121175,103911,22771887,552044,151819,127497,130733,145752,148103,127003,20701715,690055,138017,115907,118848,132502,134639,115457,,,,,,,,,,,,,,,,,,,,,,,,,,,,,
938,18647744,828786,124323,104407,107056,119355,121280,104002,22791687,552524,151951,127608,130846,145879,148232,127113,20719715,690655,138137,116007,118951,132617,134756,115557,,,,,,,,,,,,,,,,,,,,,,,,,,,,,
939,18663944,829506,124431,104497,107149,119459,121386,104092,22811487,553004,152083,127719,130960,146005,148360,127223,20737715,691255,138257,116108,119055,132732,134873,115658,,,,,,,,,,,,,,,,,,,,,,,,,,,,,
940,18680144,830226,124539,104588,107242,119563,121491,104182,22831287,553484,152215,127830,131074,146132,148489,127334,20755715,691855,138377,116209,119158,132847,134990,115758,,,,,,,,,,,,,,,,,,,,,,,,,,,,,
941,19614151,871738,130766,109818,112604,125541,127566,109391,23972851,581158,159826,134221,137628,153439,155914,133701,21793501,726448,145296,122019,125116,139490,141740,121546,,,,,,,,,,,,,,,,,,,,,,,,,,,,,
942,19630351,872458,130874,109908,112697,125645,127671,109482,23992651,581638,159958,134332,137741,153566,156043,133811,21811501,727048,145416,122120,125219,139605,141857,121646,,,,,,,,,,,,,,,,,,,,,,,,,,,,,
943,19646551,873178,130982,109999,112790,125748,127777,109572,24012451,582118,160090,134443,137855,153692,156171,133922,21829501,727648,145536,122221,125323,139720,141974,121747,,,,,,,,,,,,,,,,,,,,,,,,,,,,,
944,19662751,873898,131090,110090,112883,125852,127882,109663,24032251,582598,160222,134554,137969,153819,156300,134032,21847501,728248,145656,122322,125426,139836,142091,121847,,,,,,,,,,,,,,,,,,,,,,,,,,,,,
945,19678951,874618,131198,110180,112976,125956,127987,109753,24052051,583078,160354,134665,138082,153946,156429,134142,21865501,728848,145776,122423,125529,139951,142208,121948,,,,,,,,,,,,,,,,,,,,,,,,,,,,,
946,19695151,875338,131306,110271,113069,126059,128093,109843,24071851,583558,160486,134776,138196,154073,156558,134253,21883501,729448,145896,122523,125633,140066,142325,122048,,,,,,,,,,,,,,,,,,,,,,,,,,,,,
947,19711351,876058,131414,110362,113162,126163,128198,109934,24091651,584038,160618,134887,138310,154199,156686,134363,21901501,730048,146016,122624,125736,140181,142442,122148,,,,,,,,,,,,,,,,,,,,,,,,,,,,,
948,19727551,876778,131522,110452,113255,126267,128303,110024,24111451,584518,160750,134997,138423,154326,156815,134474,21919501,730648,146136,122725,125839,140296,142559,122249,,,,,,,,,,,,,,,,,,,,,,,,,,,,,
949,19743751,877498,131630,110543,113348,126370,128409,110114,24131251,584998,160882,135108,138537,154453,156944,134584,21937501,731248,146256,122826,125943,140412,142676,122349,,,,,,,,,,,,,,,,,,,,,,,,,,,,,
950,19759951,878218,131738,110634,113441,126474,128514,110205,24151051,585478,161014,135219,138651,154579,157073,134694,21955501,731848,146376,122926,126046,140527,142793,122450,,,,,,,,,,,,,,,,,,,,,,,,,,,,,
951,19776151,878938,131846,110725,113534,126578,128619,110295,24170851,585958,161146,135330,138764,154706,157201,134805,21973501,732448,146496,123027,126149,140642,142910,122550,,,,,,,,,,,,,,,,,,,,,,,,,,,,,
952,19792351,879658,131954,110815,113627,126681,128725,110385,24190651,586438,161278,135441,138878,154833,157330,134915,21991501,733048,146616,123128,126253,140757,143027,122650,,,,,,,,,,,,,,,,,,,,,,,,,,,,,
953,19808551,880378,132062,110906,113720,126785,128830,110476,24210451,586918,161410,135552,138992,154960,157459,135026,22009501,733648,146736,123229,126356,140872,143145,122751,,,,,,,,,,,,,,,,,,,,,,,,,,,,,
954,19824751,881098,132170,110997,113813,126889,128935,110566,24230251,587398,161542,135663,139105,155086,157588,135136,22027501,734248,146856,123330,126459,140988,143262,122851,,,,,,,,,,,,,,,,,,,,,,,,,,,,,
955,19840951,881818,132278,111087,113906,126993,129041,110656,24250051,587878,161674,135773,139219,155213,157717,135247,22045501,734848,146976,123430,126563,141103,143379,122951,,,,,,,,,,,,,,,,,,,,,,,,,,,,,
956,19857151,882538,132386,111178,113999,127096,129146,110747,24269851,588358,161806,135884,139333,155340,157845,135357,22063501,735448,147096,123531,126666,141218,143496,123052,,,,,,,,,,,,,,,,,,,,,,,,,,,,,
957,19873351,883258,132494,111269,114092,127200,129252,110837,24289651,588838,161938,135995,139446,155467,157974,135467,22081501,736048,147216,123632,126769,141333,143613,123152,,,,,,,,,,,,,,,,,,,,,,,,,,,,,
958,19889551,883978,132602,111359,114185,127304,129357,110927,24309451,589318,162070,136106,139560,155593,158103,135578,22099501,736648,147336,123733,126873,141448,143730,123253,,,,,,,,,,,,,,,,,,,,,,,,,,,,,
959,19905751,884698,132710,111450,114278,127407,129462,111018,24329251,589798,162202,136217,139674,155720,158232,135688,22117501,737248,147456,123833,126976,141564,143847,123353,,,,,,,,,,,,,,,,,,,,,,,,,,,,,
960,19921951,885418,132818,111541,114371,127511,129568,111108,24349051,590278,162334,136328,139787,155847,158360,135799,22135501,737848,147576,123934,127079,141679,143964,123453,,,,,,,,,,,,,,,,,,,,,,,,,,,,,
961,20918048,929688,139460,117118,120090,133887,136046,116664,25566504,619792,170451,143144,146777,163639,166279,142589,23242276,774740,154955,130131,133433,148763,151162,129626,,,,,,,,,,,,,,,,,,,,,,,,,,,,,
962,20934923,930438,139572,117212,120187,133995,136156,116758,25587129,620292,170588,143260,146895,163771,166413,142704,23261026,775365,155080,130236,133541,148883,151284,129731,,,,,,,,,,,,,,,,,,,,,,,,,,,,,
963,20951798,931188,139685,117307,120284,134103,136266,116852,25607754,620792,170726,143375,147014,163903,166547,142819,23279776,775990,155205,130341,133649,149003,151406,129835,,,,,,,,,,,,,,,,,,,,,,,,,,,,,
964,20968673,931938,139797,117401,120381,134211,136375,116946,25628379,621292,170863,143491,147132,164035,166681,142934,23298526,776615,155330,130446,133756,149123,151528,129940,,,,,,,,,,,,,,,,,,,,,,,,,,,,,
965,20985548,932688,139910,117496,120478,134319,136485,117040,25649004,621792,171001,143606,147250,164167,166815,143049,23317276,777240,155455,130551,133864,149243,151650,130044,,,,,,,,,,,,,,,,,,,,,,,,,,,,,
966,21002423,933438,140022,117590,120575,134427,136595,117134,25669629,622292,171138,143722,147369,164299,166949,143164,23336026,777865,155580,130656,133972,149363,151772,130149,,,,,,,,,,,,,,,,,,,,,,,,,,,,,
967,21019298,934188,140135,117685,120671,134535,136705,117228,25690254,622792,171276,143837,147487,164431,167083,143279,23354776,778490,155705,130761,134079,149483,151894,130254,,,,,,,,,,,,,,,,,,,,,,,,,,,,,
968,21036173,934938,140247,117779,120768,134643,136814,117322,25710879,623292,171413,143953,147606,164563,167218,143394,23373526,779115,155830,130866,134187,149603,152016,130358,,,,,,,,,,,,,,,,,,,,,,,,,,,,,
969,21053048,935688,140360,117874,120865,134751,136924,117416,25731504,623792,171551,144068,147724,164695,167352,143509,23392276,779740,155955,130971,134295,149723,152138,130463,,,,,,,,,,,,,,,,,,,,,,,,,,,,,
970,21069923,936438,140472,117968,120962,134859,137034,117511,25752129,624292,171688,144183,147842,164827,167486,143624,23411026,780365,156080,131076,134402,149843,152260,130567,,,,,,,,,,,,,,,,,,,,,,,,,,,,,
971,21086798,937188,140585,118063,121059,134967,137144,117605,25772754,624792,171826,144299,147961,164959,167620,143739,23429776,780990,156205,131181,134510,149963,152382,130672,,,,,,,,,,,,,,,,,,,,,,,,,,,,,
972,21103673,937938,140697,118157,121156,135075,137253,117699,25793379,625292,171963,144414,148079,165091,167754,143854,23448526,781615,156330,131286,134618,150083,152504,130776,,,,,,,,,,,,,,,,,,,,,,,,,,,,,
973,21120548,938688,140810,118252,121253,135183,137363,117793,25814004,625792,172101,144530,148198,165223,167888,143969,23467276,782240,156455,131391,134725,150203,152626,130881,,,,,,,,,,,,,,,,,,,,,,,,,,,,,
974,21137423,939438,140922,118346,121350,135291,137473,117887,25834629,626292,172238,144645,148316,165355,168022,144084,23486026,782865,156580,131496,134833,150323,152748,130986,,,,,,,,,,,,,,,,,,,,,,,,,,,,,
975,21154298,940188,141035,118441,121446,135399,137583,117981,25855254,626792,172376,144761,148434,165487,168157,144199,23504776,783490,156705,131601,134940,150443,152870,131090,,,,,,,,,,,,,,,,,,,,,,,,,,,,,
976,21171173,940938,141147,118535,121543,135507,137692,118075,25875879,627292,172513,144876,148553,165619,168291,144314,23523526,784115,156830,131706,135048,150563,152992,131195,,,,,,,,,,,,,,,,,,,,,,,,,,,,,
977,21188048,941688,141260,118630,121640,135615,137802,118169,25896504,627792,172651,144992,148671,165751,168425,144429,23542276,784740,156955,131811,135156,150683,153113,131299,,,,,,,,,,,,,,,,,,,,,,,,,,,,,
978,21204923,942438,141372,118724,121737,135723,137912,118263,25917129,628292,172788,145107,148790,165883,168559,144544,23561026,785365,157080,131916,135263,150803,153235,131404,,,,,,,,,,,,,,,,,,,,,,,,,,,,,
979,21221798,943188,141485,118819,121834,135831,138022,118358,25937754,628792,172926,145223,148908,166015,168693,144659,23579776,785990,157205,132021,135371,150923,153357,131508,,,,,,,,,,,,,,,,,,,,,,,,,,,,,
980,21238673,943938,141597,118913,121931,135939,138131,118452,25958379,629292,173063,145338,149026,166147,168827,144774,23598526,786615,157330,132126,135479,151043,153479,131613,,,,,,,,,,,,,,,,,,,,,,,,,,,,,
981,22300607,991135,148677,124859,128028,142736,145038,124375,27256297,660757,181717,152606,156478,174455,177269,152013,24778452,825946,165197,138732,142253,158596,161154,138194,,,,,,,,,,,,,,,,,,,,,,,,,,,,,
982,22317482,991885,148790,124954,128125,142844,145148,124469,27276922,661257,181854,152721,156597,174587,177403,152129,24797202,826571,165322,138837,142361,158716,161276,138299,,,,,,,,,,,,,,,,,,,,,,,,,,,,,
983,22334357,992635,148902,125048,128221,142952,145258,124563,27297547,661757,181992,152837,156715,174719,177537,152244,24815952,827196,165447,138942,142468,158836,161398,138403,,,,,,,,,,,,,,,,,,,,,,,,,,,,,
984,22351232,993385,149015,125143,128318,143060,145368,124657,27318172,662257,182129,152952,156833,174851,177671,152359,24834702,827821,165572,139047,142576,158956,161520,138508,,,,,,,,,,,,,,,,,,,,,,,,,,,,,
985,22368107,994135,149127,125237,128415,143168,145477,124751,27338797,662757,182267,153067,156952,174983,177806,152474,24853452,828446,165697,139152,142684,159076,161641,138612,,,,,,,,,,,,,,,,,,,,,,,,,,,,,
986,22384982,994885,149240,125331,128512,143276,145587,124845,27359422,663257,182404,153183,157070,175115,177940,152589,24872202,829071,165822,139257,142791,159196,161763,138717,,,,,,,,,,,,,,,,,,,,,,,,,,,,,
987,22401857,995635,149352,125426,128609,143384,145697,124939,27380047,663757,182542,153298,157189,175247,178074,152704,24890952,829696,165947,139362,142899,159316,161885,138821,,,,,,,,,,,,,,,,,,,,,,,,,,,,,
988,22418732,996385,149465,125520,128706,143492,145807,125033,27400672,664257,182679,153414,157307,175379,178208,152819,24909702,830321,166072,139467,143006,159436,162007,138926,,,,,,,,,,,,,,,,,,,,,,,,,,,,,
989,22435607,997135,149577,125615,128803,143600,145916,125128,27421297,664757,182817,153529,157425,175511,178342,152934,24928452,830946,166197,139572,143114,159556,162129,139031,,,,,,,,,,,,,,,,,,,,,,,,,,,,,
990,22452482,997885,149690,125709,128900,143708,146026,125222,27441922,665257,182954,153645,157544,175643,178476,153049,24947202,831571,166322,139677,143222,159676,162251,139135,,,,,,,,,,,,,,,,,,,,,,,,,,,,,
991,22469357,998635,149802,125804,128996,143816,146136,125316,27462547,665757,183092,153760,157662,175775,178610,153164,24965952,832196,166447,139782,143329,159796,162373,139240,,,,,,,,,,,,,,,,,,,,,,,,,,,,,
992,22486232,999385,149915,125898,129093,143924,146246,125410,27483172,666257,183229,153876,157781,175907,178745,153279,24984702,832821,166572,139887,143437,159916,162495,139344,,,,,,,,,,,,,,,,,,,,,,,,,,,,,
993,22503107,1000135,150027,125993,129190,144032,146355,125504,27503797,666757,183367,153991,157899,176039,178879,153394,25003452,833446,166697,139992,143545,160036,162617,139449,,,,,,,,,,,,,,,,,,,,,,,,,,,,,
994,22519982,1000885,150140,126087,129287,144140,146465,125598,27524422,667257,183504,154107,158018,176171,179013,153509,25022202,834071,166822,140097,143652,160156,162739,139553,,,,,,,,,,,,,,,,,,,,,,,,,,,,,
995,22536857,1001635,150252,126182,129384,144248,146575,125692,27545047,667757,183642,154222,158136,176303,179147,153624,25040952,834696,166947,140202,143760,160276,162861,139658,,,,,,,,,,,,,,,,,,,,,,,,,,,,,
996,22553732,1002385,150365,126276,129481,144356,146685,125786,27565672,668257,183779,154338,158254,176435,179281,153739,25059702,835321,167072,140307,143868,160396,162983,139763,,,,,,,,,,,,,,,,,,,,,,,,,,,,,
997,22570607,1003135,150477,126371,129578,144464,146794,125880,27586297,668757,183917,154453,158373,176567,179415,153854,25078452,835946,167197,140412,143975,160516,163105,139867,,,,,,,,,,,,,,,,,,,,,,,,,,,,,
998,22587482,1003885,150590,126465,129675,144572,146904,125975,27606922,669257,184054,154569,158491,176699,179549,153969,25097202,836571,167322,140517,144083,160636,163227,139972,,,,,,,,,,,,,,,,,,,,,,,,,,,,,
999,22604357,1004635,150702,126560,129771,144680,147014,126069,27627547,669757,184192,154684,158610,176831,179684,154084,25115952,837196,167447,140622,144190,160756,163349,140076,,,,,,,,,,,,,,,,,,,,,,,,,,,,,
1000,22621232,1005385,150815,126654,129868,144788,147124,126163,27648172,670257,184329,154800,158728,176963,179818,154199,25134702,837821,167572,140727,144298,160876,163471,140181,,,,,,,,,,,,,,,,,,,,,,,,,,,,,
